/****************************************************************************
** Resource object code
**
** Created by: The Resource Compiler for Qt version 6.11.1
**
** WARNING! All changes made in this file will be lost!
*****************************************************************************/

#ifdef _MSC_VER
// disable informational message "function ... selected for automatic inline expansion"
#pragma warning (disable: 4711)
#endif

static const unsigned char qt_resource_data[] = {
  // Main.qml
  0x0,0x0,0x3,0xbd,
  0x28,
  0xb5,0x2f,0xfd,0x60,0x1a,0xc,0x9d,0x1d,0x0,0xf6,0xa6,0x77,0x31,0x60,0x6d,0x73,
  0x30,0x70,0x49,0x12,0x86,0x20,0x36,0x70,0x20,0x52,0xef,0xc,0xb6,0x7,0x49,0xc4,
  0xec,0x4c,0xa4,0x59,0x12,0xe9,0x44,0xb2,0x45,0xfb,0x72,0x64,0xcd,0x7a,0x29,0x62,
  0xe,0x52,0x42,0x4f,0x3b,0x43,0x14,0x39,0x3b,0x8d,0xb,0x5e,0xd,0x56,0x69,0x0,
  0x6a,0x0,0x67,0x0,0x55,0x4,0x0,0xfd,0xb9,0xab,0x28,0x5b,0xd,0x91,0x23,0x21,
  0x26,0x99,0x59,0x79,0x7e,0xcb,0xe5,0x21,0x8a,0x32,0xb2,0x2d,0xe3,0xe6,0xec,0x62,
  0x90,0xd4,0x63,0x17,0x2f,0x16,0x61,0x26,0x29,0x29,0xec,0x2d,0xf6,0xec,0x6,0x3f,
  0xa9,0x7d,0x15,0x47,0xe6,0x78,0x77,0x98,0x94,0xc5,0x99,0x99,0x94,0x8f,0xf4,0xb8,
  0xd5,0x9c,0xd1,0xce,0xaf,0x8e,0x9f,0xa6,0x65,0x28,0x94,0xcd,0xd4,0xc1,0xe3,0x8f,
  0x83,0x45,0xd5,0x3c,0x6d,0x8f,0x70,0x27,0x7e,0xf3,0xe,0xdd,0xc4,0xe7,0xf0,0xdb,
  0x35,0x10,0xa5,0xe3,0x78,0xa3,0x78,0x8a,0x7c,0xe8,0x5a,0xc6,0x1,0x4,0x53,0x52,
  0xeb,0xc1,0x16,0x6f,0x3f,0xac,0x41,0xdf,0xce,0xd9,0x67,0xcc,0x53,0xc9,0x90,0xd8,
  0x34,0x3c,0x58,0x64,0x34,0x95,0xa4,0xfe,0xb3,0xff,0xb6,0x32,0xc0,0x48,0x49,0xc5,
  0xe6,0xb,0x6a,0xd6,0xd9,0xf6,0x5c,0x53,0x4d,0x2a,0x49,0x92,0x65,0x9a,0xac,0x85,
  0x70,0x39,0xb,0x35,0x68,0xdf,0xd5,0xfa,0x6e,0x2b,0x28,0x51,0x52,0x57,0xb3,0x53,
  0x2d,0xaa,0x96,0xd4,0x7b,0xcc,0x81,0x22,0x74,0xcc,0xb5,0x7a,0xbc,0xc2,0x82,0xea,
  0xd5,0xc2,0xa5,0x13,0xdf,0xb,0xe1,0xe6,0xf2,0x6a,0x86,0x1f,0xb3,0xe3,0xe1,0x6a,
  0xe,0x35,0x4a,0x25,0x9a,0x26,0x29,0x8,0x9,0xed,0xc3,0x2e,0xc6,0x5e,0x1f,0x47,
  0x5f,0x17,0xda,0xff,0x37,0x85,0xa4,0xf6,0xf5,0xda,0x8d,0x4a,0x7c,0xea,0xe,0x99,
  0x5b,0xbb,0x90,0x7b,0x6b,0xc8,0xe,0xd7,0x7b,0xc1,0xcd,0x18,0x7a,0xb3,0x8f,0xcb,
  0x11,0x97,0x9f,0x1f,0x57,0xca,0x9b,0xdf,0x18,0x33,0x71,0x63,0xaf,0xf6,0x61,0xd8,
  0xcc,0x5d,0x43,0xc0,0xed,0x38,0x85,0x17,0xd9,0xf1,0x78,0x40,0x23,0xa9,0xb7,0x96,
  0x67,0x70,0x5f,0x57,0xdb,0x8a,0xab,0xd9,0xb2,0x74,0x22,0xf3,0x7f,0xaf,0x26,0x49,
  0x55,0x3a,0x90,0x30,0x0,0x24,0xae,0xb5,0xb9,0x1,0xc4,0x7a,0x5e,0x5,0x14,0x90,
  0x8f,0x3c,0xc0,0x18,0x5c,0x2c,0x5,0x4,0x93,0x14,0x65,0xc3,0xed,0x17,0x26,0xb5,
  0x51,0x9d,0x40,0x0,0xe6,0x9e,0x3d,0x91,0xfa,0x6c,0xc7,0xe9,0x5b,0x8,0x4,0x78,
  0xb6,0x21,0xb8,0xef,0xda,0x88,0x14,0x29,0x39,0xf9,0x48,0x90,0x8e,0xe3,0xa7,0x69,
  0xaf,0xc4,0x56,0xf8,0x96,0x45,0x9,0x2e,0x13,0x40,0xdc,0xd8,0x52,0x48,0x59,0xbd,
  0x39,0xbc,0x1e,0x67,0x37,0xdf,0xee,0xc1,0xd0,0x31,0xb8,0xdf,0xab,0xc1,0x80,0xfe,
  0xb3,0x17,0x49,0x75,0xe6,0xa9,0xe3,0x87,0xcb,0x11,0x59,0x55,0xb5,0x9a,0x9,0x9,
  0x51,0xd9,0x3e,0xc4,0xf7,0x7e,0xbb,0x43,0x40,0x8,0x80,0xcc,0xa8,0xd1,0xa9,0x31,
  0x33,0x44,0x23,0x4d,0xa,0x92,0x65,0xe,0x40,0x84,0x10,0x52,0x54,0x46,0xf,0x92,
  0x58,0x24,0xcb,0x41,0x5c,0x1,0x4,0x21,0x8e,0x18,0x24,0x90,0x86,0x21,0x48,0x44,
  0x28,0x48,0x52,0x58,0x6d,0x6,0x99,0x54,0x0,0xc,0xd0,0x45,0xb1,0xa3,0xb9,0x46,
  0x4f,0x1e,0xae,0x9,0x55,0xf,0x7c,0xc9,0xa4,0x9c,0xf,0x8a,0xdc,0xe0,0xae,0xac,
  0x3f,0xf4,0xbc,0xf4,0x36,0xba,0x32,0xa9,0xe3,0xee,0xe2,0x93,0xe3,0xd9,0x9a,0x87,
  0xf0,0xd6,0xe3,0xdd,0x5c,0xbb,0x3b,0x1e,0xfc,0x90,0xa4,0x1e,0xab,0x5d,0x3,0x6b,
  0x7d,0x6d,0x95,0xa,0xea,0x74,0xe8,0xa5,0x2,0x1,0x1a,0x88,0xe7,0x16,0x58,0xe8,
  0x63,0x96,0x52,0x60,0x97,0x4f,0x1d,0xa5,0x40,0x6c,0xf6,0x86,0xd2,0x0,0x2e,0x67,
  0xfe,0x64,0xc1,0x95,0xbe,0xdd,0xc9,0x20,0x14,0x4f,0x46,0x23,0x65,0xf7,0x40,0xb7,
  0x37,0x33,0x13,0x8,0x8e,0xc0,0xab,0x66,0x47,0x9e,0x9a,0xcf,0xf7,0x41,0x5a,0xa9,
  0x0,0x28,0xa0,0xb3,0xed,0x75,0x4b,0xa1,0xf6,0x91,0xc5,0x14,0x76,0xc0,0x6a,0xf2,
  0x87,0x7a,0xb7,0x5e,0x9e,0x64,0x50,0x12,0x48,0xd7,0xd7,0x53,0xd,0xa6,0xdb,0x18,
  0xf5,0xb6,0xe,0x1b,0x26,0xa7,0x88,0xd1,0xb9,0x11,0x28,0xba,0x97,0xaa,0x91,0x36,
  0x6e,0xd6,0xe6,0x70,0x5e,0x89,0x30,0x4b,0x6e,0xc,0xdc,0x6c,0x99,0xf6,0x3e,0xfe,
  0x27,0x76,0x9,0xed,0x12,0x32,0x2d,0xb4,0x4,0x1b,0xba,0x72,0x62,0xf,0x83,0x5a,
  0x3b,0x8f,0x36,0x72,0x2b,0x3c,0xcf,0x53,0xfd,0x55,0x6e,0x1b,0xa3,0x81,0x92,0xac,
  0xa2,0x4e,0xc4,0x3,0x80,0x30,0x79,0xdd,0x21,0x90,0x88,0x45,0x7d,0x27,0x35,0x8f,
  0xe3,0x60,0x2a,0x25,0x79,0x55,0xbb,0x37,0xe2,0xa4,0x32,0x56,0xa1,0x0,0xe7,0xf4,
  0xde,0xfc,0x30,0x65,0x4b,0x86,0x1e,0x8d,0xa4,0x43,0x90,0x61,0x44,0xce,0xe6,0x92,
  0xf,0xe5,0xe4,0xa0,0x49,0x97,0xed,0x3f,0x6,0x9d,0x31,0xa4,0x60,0xf6,0x7c,0xce,
  0xf9,0x37,0xe1,0xf1,0xf9,0xc0,0x62,0x93,0x6b,0x1,0x63,0x49,0xeb,0x58,0x74,0xea,
  0xf5,0x30,0xde,0xd4,0x6b,0xa4,0x7,0x36,0x8e,0xf4,0x78,0xa9,0x2,0x7,0x8,0x61,
  0x33,0xa6,0x90,0x46,0x8a,0xe3,0x1b,0x96,0x99,0xeb,0x13,0xa8,0xb0,0x6a,0x0,0xc2,
  0x64,0xc5,0xa4,0x0,0x61,0x3a,0x4c,0x88,0x1,0xd4,0x3a,0x60,0x16,0x23,0xce,0xf8,
  0x86,0x85,0x3a,0x46,0x4c,0x31,0x24,0x8f,0x97,0xba,0xc0,0x13,0xc6,0xba,0xe5,0x18,
  0x38,0x44,0x9c,0x13,0x3,0xd7,0x40,0xc8,0xb,0x2a,0xb9,0xb1,0x8b,0x90,0x5a,0xbc,
  0x90,0xca,0xf9,0xec,0x4,0xaa,0x2b,0xc7,0x96,0xe3,0xb3,0x28,0xc,0x9e,0x4a,0xc4,
  0x54,0xfe,0xa1,0xb6,0x59,0x15,0xff,0xff,0x8a,0x15,0xaa,0x91,0x47,0xc8,0xd1,0xa3,
  0x85,0xef,0x1b,0xe4,0xa5,0x9a,0xf4,0x45,0x3b,0x25,0x1a,0xd2,
    // DailyTrackerPage.qml
  0x0,0x0,0x8,0xa0,
  0x69,
  0x6d,0x70,0x6f,0x72,0x74,0x20,0x51,0x74,0x51,0x75,0x69,0x63,0x6b,0xa,0x69,0x6d,
  0x70,0x6f,0x72,0x74,0x20,0x51,0x74,0x51,0x75,0x69,0x63,0x6b,0x2e,0x43,0x6f,0x6e,
  0x74,0x72,0x6f,0x6c,0x73,0xa,0x69,0x6d,0x70,0x6f,0x72,0x74,0x20,0x51,0x74,0x51,
  0x75,0x69,0x63,0x6b,0x2e,0x4c,0x61,0x79,0x6f,0x75,0x74,0x73,0xa,0x69,0x6d,0x70,
  0x6f,0x72,0x74,0x20,0x50,0x65,0x72,0x73,0x6f,0x6e,0x61,0x6c,0x43,0x61,0x73,0x68,
  0x66,0x6c,0x6f,0x77,0x47,0x61,0x6d,0x65,0xa,0x50,0x61,0x67,0x65,0x20,0x7b,0xa,
  0x20,0x20,0x20,0x20,0x62,0x61,0x63,0x6b,0x67,0x72,0x6f,0x75,0x6e,0x64,0x3a,0x20,
  0x52,0x65,0x63,0x74,0x61,0x6e,0x67,0x6c,0x65,0x7b,0x63,0x6f,0x6c,0x6f,0x72,0x3a,
  0x22,0x23,0x30,0x62,0x31,0x32,0x32,0x30,0x22,0x7d,0xa,0x20,0x20,0x20,0x20,0x70,
  0x72,0x6f,0x70,0x65,0x72,0x74,0x79,0x20,0x76,0x61,0x72,0x20,0x72,0x6f,0x77,0x73,
  0x3a,0x20,0x67,0x61,0x6d,0x65,0x43,0x6f,0x6e,0x74,0x72,0x6f,0x6c,0x6c,0x65,0x72,
  0x2e,0x64,0x61,0x69,0x6c,0x79,0x52,0x6f,0x77,0x73,0x28,0x29,0xa,0x20,0x20,0x20,
  0x20,0x43,0x6f,0x6e,0x6e,0x65,0x63,0x74,0x69,0x6f,0x6e,0x73,0x20,0x7b,0x20,0x74,
  0x61,0x72,0x67,0x65,0x74,0x3a,0x20,0x64,0x61,0x74,0x61,0x62,0x61,0x73,0x65,0x3b,
  0x20,0x66,0x75,0x6e,0x63,0x74,0x69,0x6f,0x6e,0x20,0x6f,0x6e,0x44,0x61,0x74,0x61,
  0x43,0x68,0x61,0x6e,0x67,0x65,0x64,0x28,0x29,0x20,0x7b,0x20,0x72,0x6f,0x77,0x73,
  0x20,0x3d,0x20,0x67,0x61,0x6d,0x65,0x43,0x6f,0x6e,0x74,0x72,0x6f,0x6c,0x6c,0x65,
  0x72,0x2e,0x64,0x61,0x69,0x6c,0x79,0x52,0x6f,0x77,0x73,0x28,0x29,0x20,0x7d,0x20,
  0x7d,0xa,0x20,0x20,0x20,0x20,0x43,0x6f,0x6c,0x75,0x6d,0x6e,0x4c,0x61,0x79,0x6f,
  0x75,0x74,0x20,0x7b,0x20,0x61,0x6e,0x63,0x68,0x6f,0x72,0x73,0x2e,0x66,0x69,0x6c,
  0x6c,0x3a,0x20,0x70,0x61,0x72,0x65,0x6e,0x74,0x3b,0x20,0x61,0x6e,0x63,0x68,0x6f,
  0x72,0x73,0x2e,0x6d,0x61,0x72,0x67,0x69,0x6e,0x73,0x3a,0x20,0x33,0x30,0xa,0x20,
  0x20,0x20,0x20,0x20,0x20,0x20,0x20,0x53,0x65,0x63,0x74,0x69,0x6f,0x6e,0x54,0x69,
  0x74,0x6c,0x65,0x20,0x7b,0x20,0x74,0x69,0x74,0x6c,0x65,0x3a,0x20,0x22,0x44,0x61,
  0x69,0x6c,0x79,0x20,0x45,0x78,0x70,0x65,0x6e,0x73,0x65,0x20,0x54,0x72,0x61,0x63,
  0x6b,0x65,0x72,0x22,0x20,0x7d,0xa,0x20,0x20,0x20,0x20,0x20,0x20,0x20,0x20,0x4c,
  0x61,0x62,0x65,0x6c,0x20,0x7b,0x20,0x74,0x65,0x78,0x74,0x3a,0x20,0x22,0x54,0x72,
  0x61,0x63,0x6b,0x20,0x66,0x6f,0x6f,0x64,0x2c,0x20,0x6f,0x74,0x68,0x65,0x72,0x20,
  0x73,0x70,0x65,0x6e,0x64,0x69,0x6e,0x67,0x20,0x61,0x6e,0x64,0x20,0x72,0x6f,0x6f,
  0x6d,0x20,0x72,0x65,0x6e,0x74,0x2e,0x22,0x3b,0x20,0x63,0x6f,0x6c,0x6f,0x72,0x3a,
  0x20,0x22,0x23,0x38,0x34,0x39,0x35,0x61,0x66,0x22,0x20,0x7d,0xa,0x20,0x20,0x20,
  0x20,0x20,0x20,0x20,0x20,0x52,0x6f,0x77,0x4c,0x61,0x79,0x6f,0x75,0x74,0x20,0x7b,
  0x20,0x4c,0x61,0x79,0x6f,0x75,0x74,0x2e,0x66,0x69,0x6c,0x6c,0x57,0x69,0x64,0x74,
  0x68,0x3a,0x20,0x74,0x72,0x75,0x65,0xa,0x20,0x20,0x20,0x20,0x20,0x20,0x20,0x20,
  0x20,0x20,0x20,0x20,0x54,0x65,0x78,0x74,0x46,0x69,0x65,0x6c,0x64,0x20,0x7b,0x20,
  0x69,0x64,0x3a,0x20,0x64,0x61,0x79,0x3b,0x20,0x70,0x6c,0x61,0x63,0x65,0x68,0x6f,
  0x6c,0x64,0x65,0x72,0x54,0x65,0x78,0x74,0x3a,0x20,0x22,0x44,0x61,0x79,0x22,0x20,
  0x7d,0xa,0x20,0x20,0x20,0x20,0x20,0x20,0x20,0x20,0x20,0x20,0x20,0x20,0x54,0x65,
  0x78,0x74,0x46,0x69,0x65,0x6c,0x64,0x20,0x7b,0x20,0x69,0x64,0x3a,0x20,0x64,0x61,
  0x74,0x65,0x3b,0x20,0x70,0x6c,0x61,0x63,0x65,0x68,0x6f,0x6c,0x64,0x65,0x72,0x54,
  0x65,0x78,0x74,0x3a,0x20,0x22,0x59,0x59,0x59,0x59,0x2d,0x4d,0x4d,0x2d,0x44,0x44,
  0x22,0x20,0x7d,0xa,0x20,0x20,0x20,0x20,0x20,0x20,0x20,0x20,0x20,0x20,0x20,0x20,
  0x54,0x65,0x78,0x74,0x46,0x69,0x65,0x6c,0x64,0x20,0x7b,0x20,0x69,0x64,0x3a,0x20,
  0x66,0x3b,0x20,0x70,0x6c,0x61,0x63,0x65,0x68,0x6f,0x6c,0x64,0x65,0x72,0x54,0x65,
  0x78,0x74,0x3a,0x20,0x22,0x46,0x6f,0x6f,0x64,0x22,0x20,0x7d,0xa,0x20,0x20,0x20,
  0x20,0x20,0x20,0x20,0x20,0x20,0x20,0x20,0x20,0x54,0x65,0x78,0x74,0x46,0x69,0x65,
  0x6c,0x64,0x20,0x7b,0x20,0x69,0x64,0x3a,0x20,0x64,0x65,0x73,0x63,0x3b,0x20,0x70,
  0x6c,0x61,0x63,0x65,0x68,0x6f,0x6c,0x64,0x65,0x72,0x54,0x65,0x78,0x74,0x3a,0x20,
  0x22,0x44,0x65,0x73,0x63,0x72,0x69,0x70,0x74,0x69,0x6f,0x6e,0x22,0x20,0x7d,0xa,
  0x20,0x20,0x20,0x20,0x20,0x20,0x20,0x20,0x20,0x20,0x20,0x20,0x54,0x65,0x78,0x74,
  0x46,0x69,0x65,0x6c,0x64,0x20,0x7b,0x20,0x69,0x64,0x3a,0x20,0x6f,0x3b,0x20,0x70,
  0x6c,0x61,0x63,0x65,0x68,0x6f,0x6c,0x64,0x65,0x72,0x54,0x65,0x78,0x74,0x3a,0x20,
  0x22,0x4f,0x74,0x68,0x65,0x72,0x22,0x20,0x7d,0xa,0x20,0x20,0x20,0x20,0x20,0x20,
  0x20,0x20,0x20,0x20,0x20,0x20,0x54,0x65,0x78,0x74,0x46,0x69,0x65,0x6c,0x64,0x20,
  0x7b,0x20,0x69,0x64,0x3a,0x20,0x72,0x3b,0x20,0x70,0x6c,0x61,0x63,0x65,0x68,0x6f,
  0x6c,0x64,0x65,0x72,0x54,0x65,0x78,0x74,0x3a,0x20,0x22,0x52,0x6f,0x6f,0x6d,0x20,
  0x72,0x65,0x6e,0x74,0x22,0x20,0x7d,0xa,0x20,0x20,0x20,0x20,0x20,0x20,0x20,0x20,
  0x20,0x20,0x20,0x20,0x42,0x75,0x74,0x74,0x6f,0x6e,0x20,0x7b,0x20,0x74,0x65,0x78,
  0x74,0x3a,0x20,0x22,0x41,0x64,0x64,0x22,0x3b,0x20,0x6f,0x6e,0x43,0x6c,0x69,0x63,
  0x6b,0x65,0x64,0x3a,0x20,0x7b,0xa,0x20,0x20,0x20,0x20,0x20,0x20,0x20,0x20,0x20,
  0x20,0x20,0x20,0x20,0x20,0x20,0x20,0x69,0x66,0x20,0x28,0x67,0x61,0x6d,0x65,0x43,
  0x6f,0x6e,0x74,0x72,0x6f,0x6c,0x6c,0x65,0x72,0x2e,0x61,0x64,0x64,0x44,0x61,0x69,
  0x6c,0x79,0x45,0x6e,0x74,0x72,0x79,0x28,0x64,0x61,0x79,0x2e,0x74,0x65,0x78,0x74,
  0x2c,0x20,0x64,0x61,0x74,0x65,0x2e,0x74,0x65,0x78,0x74,0x2c,0x20,0x4e,0x75,0x6d,
  0x62,0x65,0x72,0x28,0x66,0x2e,0x74,0x65,0x78,0x74,0x29,0x2c,0x20,0x64,0x65,0x73,
  0x63,0x2e,0x74,0x65,0x78,0x74,0x2c,0x20,0x4e,0x75,0x6d,0x62,0x65,0x72,0x28,0x6f,
  0x2e,0x74,0x65,0x78,0x74,0x29,0x2c,0x20,0x4e,0x75,0x6d,0x62,0x65,0x72,0x28,0x72,
  0x2e,0x74,0x65,0x78,0x74,0x29,0x29,0x29,0x20,0x7b,0xa,0x20,0x20,0x20,0x20,0x20,
  0x20,0x20,0x20,0x20,0x20,0x20,0x20,0x20,0x20,0x20,0x20,0x20,0x20,0x20,0x20,0x72,
  0x6f,0x77,0x73,0x20,0x3d,0x20,0x67,0x61,0x6d,0x65,0x43,0x6f,0x6e,0x74,0x72,0x6f,
  0x6c,0x6c,0x65,0x72,0x2e,0x64,0x61,0x69,0x6c,0x79,0x52,0x6f,0x77,0x73,0x28,0x29,
  0xa,0x20,0x20,0x20,0x20,0x20,0x20,0x20,0x20,0x20,0x20,0x20,0x20,0x20,0x20,0x20,
  0x20,0x20,0x20,0x20,0x20,0x64,0x61,0x79,0x2e,0x63,0x6c,0x65,0x61,0x72,0x28,0x29,
  0x3b,0x20,0x64,0x61,0x74,0x65,0x2e,0x63,0x6c,0x65,0x61,0x72,0x28,0x29,0x3b,0x20,
  0x66,0x2e,0x63,0x6c,0x65,0x61,0x72,0x28,0x29,0x3b,0x20,0x64,0x65,0x73,0x63,0x2e,
  0x63,0x6c,0x65,0x61,0x72,0x28,0x29,0x3b,0x20,0x6f,0x2e,0x63,0x6c,0x65,0x61,0x72,
  0x28,0x29,0x3b,0x20,0x72,0x2e,0x63,0x6c,0x65,0x61,0x72,0x28,0x29,0xa,0x20,0x20,
  0x20,0x20,0x20,0x20,0x20,0x20,0x20,0x20,0x20,0x20,0x20,0x20,0x20,0x20,0x7d,0xa,
  0x20,0x20,0x20,0x20,0x20,0x20,0x20,0x20,0x20,0x20,0x20,0x20,0x7d,0x7d,0xa,0x20,
  0x20,0x20,0x20,0x20,0x20,0x20,0x20,0x7d,0xa,0x20,0x20,0x20,0x20,0x20,0x20,0x20,
  0x20,0x4c,0x69,0x73,0x74,0x56,0x69,0x65,0x77,0x20,0x7b,0x20,0x4c,0x61,0x79,0x6f,
  0x75,0x74,0x2e,0x66,0x69,0x6c,0x6c,0x57,0x69,0x64,0x74,0x68,0x3a,0x20,0x74,0x72,
  0x75,0x65,0x3b,0x20,0x4c,0x61,0x79,0x6f,0x75,0x74,0x2e,0x66,0x69,0x6c,0x6c,0x48,
  0x65,0x69,0x67,0x68,0x74,0x3a,0x20,0x74,0x72,0x75,0x65,0x3b,0x20,0x6d,0x6f,0x64,
  0x65,0x6c,0x3a,0x20,0x72,0x6f,0x77,0x73,0xa,0x20,0x20,0x20,0x20,0x20,0x20,0x20,
  0x20,0x20,0x20,0x20,0x20,0x64,0x65,0x6c,0x65,0x67,0x61,0x74,0x65,0x3a,0x20,0x52,
  0x65,0x63,0x74,0x61,0x6e,0x67,0x6c,0x65,0x20,0x7b,0x20,0x77,0x69,0x64,0x74,0x68,
  0x3a,0x20,0x4c,0x69,0x73,0x74,0x56,0x69,0x65,0x77,0x2e,0x76,0x69,0x65,0x77,0x2e,
  0x77,0x69,0x64,0x74,0x68,0x3b,0x20,0x68,0x65,0x69,0x67,0x68,0x74,0x3a,0x20,0x35,
  0x30,0x3b,0x20,0x63,0x6f,0x6c,0x6f,0x72,0x3a,0x20,0x69,0x6e,0x64,0x65,0x78,0x20,
  0x25,0x20,0x32,0x20,0x3f,0x20,0x22,0x23,0x31,0x30,0x31,0x61,0x32,0x61,0x22,0x20,
  0x3a,0x20,0x22,0x23,0x31,0x34,0x32,0x30,0x33,0x33,0x22,0xa,0x20,0x20,0x20,0x20,
  0x20,0x20,0x20,0x20,0x20,0x20,0x20,0x20,0x20,0x20,0x20,0x20,0x52,0x6f,0x77,0x20,
  0x7b,0x20,0x61,0x6e,0x63,0x68,0x6f,0x72,0x73,0x2e,0x66,0x69,0x6c,0x6c,0x3a,0x20,
  0x70,0x61,0x72,0x65,0x6e,0x74,0x3b,0x20,0x61,0x6e,0x63,0x68,0x6f,0x72,0x73,0x2e,
  0x6d,0x61,0x72,0x67,0x69,0x6e,0x73,0x3a,0x20,0x31,0x32,0x3b,0x20,0x73,0x70,0x61,
  0x63,0x69,0x6e,0x67,0x3a,0x20,0x33,0x35,0xa,0x20,0x20,0x20,0x20,0x20,0x20,0x20,
  0x20,0x20,0x20,0x20,0x20,0x20,0x20,0x20,0x20,0x20,0x20,0x20,0x20,0x4c,0x61,0x62,
  0x65,0x6c,0x20,0x7b,0x20,0x74,0x65,0x78,0x74,0x3a,0x20,0x64,0x61,0x74,0x65,0x3b,
  0x20,0x63,0x6f,0x6c,0x6f,0x72,0x3a,0x20,0x22,0x23,0x38,0x32,0x39,0x34,0x61,0x65,
  0x22,0x3b,0x20,0x77,0x69,0x64,0x74,0x68,0x3a,0x20,0x31,0x30,0x30,0x20,0x7d,0xa,
  0x20,0x20,0x20,0x20,0x20,0x20,0x20,0x20,0x20,0x20,0x20,0x20,0x20,0x20,0x20,0x20,
  0x20,0x20,0x20,0x20,0x4c,0x61,0x62,0x65,0x6c,0x20,0x7b,0x20,0x74,0x65,0x78,0x74,
  0x3a,0x20,0x64,0x61,0x79,0x3b,0x20,0x63,0x6f,0x6c,0x6f,0x72,0x3a,0x20,0x22,0x23,
  0x39,0x66,0x62,0x30,0x63,0x38,0x22,0x3b,0x20,0x77,0x69,0x64,0x74,0x68,0x3a,0x20,
  0x31,0x31,0x30,0x20,0x7d,0xa,0x20,0x20,0x20,0x20,0x20,0x20,0x20,0x20,0x20,0x20,
  0x20,0x20,0x20,0x20,0x20,0x20,0x20,0x20,0x20,0x20,0x4c,0x61,0x62,0x65,0x6c,0x20,
  0x7b,0x20,0x74,0x65,0x78,0x74,0x3a,0x20,0x22,0x46,0x6f,0x6f,0x64,0x20,0xe2,0x82,
  0xb9,0x22,0x20,0x2b,0x20,0x4e,0x75,0x6d,0x62,0x65,0x72,0x28,0x66,0x6f,0x6f,0x64,
  0x29,0x2e,0x74,0x6f,0x4c,0x6f,0x63,0x61,0x6c,0x65,0x53,0x74,0x72,0x69,0x6e,0x67,
  0x28,0x51,0x74,0x2e,0x6c,0x6f,0x63,0x61,0x6c,0x65,0x28,0x22,0x65,0x6e,0x2d,0x49,
  0x4e,0x22,0x29,0x2c,0x20,0x22,0x66,0x22,0x2c,0x20,0x30,0x29,0x3b,0x20,0x63,0x6f,
  0x6c,0x6f,0x72,0x3a,0x20,0x22,0x77,0x68,0x69,0x74,0x65,0x22,0x3b,0x20,0x77,0x69,
  0x64,0x74,0x68,0x3a,0x20,0x31,0x34,0x30,0x20,0x7d,0xa,0x20,0x20,0x20,0x20,0x20,
  0x20,0x20,0x20,0x20,0x20,0x20,0x20,0x20,0x20,0x20,0x20,0x20,0x20,0x20,0x20,0x4c,
  0x61,0x62,0x65,0x6c,0x20,0x7b,0x20,0x74,0x65,0x78,0x74,0x3a,0x20,0x64,0x65,0x73,
  0x63,0x72,0x69,0x70,0x74,0x69,0x6f,0x6e,0x3b,0x20,0x63,0x6f,0x6c,0x6f,0x72,0x3a,
  0x20,0x22,0x23,0x39,0x66,0x62,0x30,0x63,0x38,0x22,0x3b,0x20,0x77,0x69,0x64,0x74,
  0x68,0x3a,0x20,0x32,0x36,0x30,0x20,0x7d,0xa,0x20,0x20,0x20,0x20,0x20,0x20,0x20,
  0x20,0x20,0x20,0x20,0x20,0x20,0x20,0x20,0x20,0x20,0x20,0x20,0x20,0x4c,0x61,0x62,
  0x65,0x6c,0x20,0x7b,0x20,0x74,0x65,0x78,0x74,0x3a,0x20,0x22,0x4f,0x74,0x68,0x65,
  0x72,0x20,0xe2,0x82,0xb9,0x22,0x20,0x2b,0x20,0x4e,0x75,0x6d,0x62,0x65,0x72,0x28,
  0x6f,0x74,0x68,0x65,0x72,0x29,0x2e,0x74,0x6f,0x4c,0x6f,0x63,0x61,0x6c,0x65,0x53,
  0x74,0x72,0x69,0x6e,0x67,0x28,0x51,0x74,0x2e,0x6c,0x6f,0x63,0x61,0x6c,0x65,0x28,
  0x22,0x65,0x6e,0x2d,0x49,0x4e,0x22,0x29,0x2c,0x20,0x22,0x66,0x22,0x2c,0x20,0x30,
  0x29,0x3b,0x20,0x63,0x6f,0x6c,0x6f,0x72,0x3a,0x20,0x22,0x23,0x39,0x66,0x62,0x30,
  0x63,0x38,0x22,0x3b,0x20,0x77,0x69,0x64,0x74,0x68,0x3a,0x20,0x31,0x35,0x30,0x20,
  0x7d,0xa,0x20,0x20,0x20,0x20,0x20,0x20,0x20,0x20,0x20,0x20,0x20,0x20,0x20,0x20,
  0x20,0x20,0x20,0x20,0x20,0x20,0x4c,0x61,0x62,0x65,0x6c,0x20,0x7b,0x20,0x74,0x65,
  0x78,0x74,0x3a,0x20,0x22,0x52,0x65,0x6e,0x74,0x20,0xe2,0x82,0xb9,0x22,0x20,0x2b,
  0x20,0x4e,0x75,0x6d,0x62,0x65,0x72,0x28,0x72,0x65,0x6e,0x74,0x29,0x2e,0x74,0x6f,
  0x4c,0x6f,0x63,0x61,0x6c,0x65,0x53,0x74,0x72,0x69,0x6e,0x67,0x28,0x51,0x74,0x2e,
  0x6c,0x6f,0x63,0x61,0x6c,0x65,0x28,0x22,0x65,0x6e,0x2d,0x49,0x4e,0x22,0x29,0x2c,
  0x20,0x22,0x66,0x22,0x2c,0x20,0x30,0x29,0x3b,0x20,0x63,0x6f,0x6c,0x6f,0x72,0x3a,
  0x20,0x22,0x23,0x39,0x66,0x62,0x30,0x63,0x38,0x22,0x20,0x7d,0xa,0x20,0x20,0x20,
  0x20,0x20,0x20,0x20,0x20,0x20,0x20,0x20,0x20,0x20,0x20,0x20,0x20,0x7d,0xa,0x20,
  0x20,0x20,0x20,0x20,0x20,0x20,0x20,0x20,0x20,0x20,0x20,0x7d,0xa,0x20,0x20,0x20,
  0x20,0x20,0x20,0x20,0x20,0x7d,0xa,0x20,0x20,0x20,0x20,0x7d,0xa,0x7d,0xa,
    // IncomePage.qml
  0x0,0x0,0x7,0xb6,
  0x69,
  0x6d,0x70,0x6f,0x72,0x74,0x20,0x51,0x74,0x51,0x75,0x69,0x63,0x6b,0xa,0x69,0x6d,
  0x70,0x6f,0x72,0x74,0x20,0x51,0x74,0x51,0x75,0x69,0x63,0x6b,0x2e,0x43,0x6f,0x6e,
  0x74,0x72,0x6f,0x6c,0x73,0xa,0x69,0x6d,0x70,0x6f,0x72,0x74,0x20,0x51,0x74,0x51,
  0x75,0x69,0x63,0x6b,0x2e,0x4c,0x61,0x79,0x6f,0x75,0x74,0x73,0xa,0x69,0x6d,0x70,
  0x6f,0x72,0x74,0x20,0x50,0x65,0x72,0x73,0x6f,0x6e,0x61,0x6c,0x43,0x61,0x73,0x68,
  0x66,0x6c,0x6f,0x77,0x47,0x61,0x6d,0x65,0xa,0x50,0x61,0x67,0x65,0x20,0x7b,0xa,
  0x20,0x20,0x20,0x20,0x62,0x61,0x63,0x6b,0x67,0x72,0x6f,0x75,0x6e,0x64,0x3a,0x20,
  0x52,0x65,0x63,0x74,0x61,0x6e,0x67,0x6c,0x65,0x20,0x7b,0x20,0x63,0x6f,0x6c,0x6f,
  0x72,0x3a,0x20,0x22,0x23,0x30,0x62,0x31,0x32,0x32,0x30,0x22,0x20,0x7d,0xa,0x20,
  0x20,0x20,0x20,0x70,0x72,0x6f,0x70,0x65,0x72,0x74,0x79,0x20,0x76,0x61,0x72,0x20,
  0x72,0x6f,0x77,0x73,0x3a,0x20,0x67,0x61,0x6d,0x65,0x43,0x6f,0x6e,0x74,0x72,0x6f,
  0x6c,0x6c,0x65,0x72,0x2e,0x69,0x6e,0x63,0x6f,0x6d,0x65,0x52,0x6f,0x77,0x73,0x28,
  0x29,0xa,0x20,0x20,0x20,0x20,0x43,0x6f,0x6e,0x6e,0x65,0x63,0x74,0x69,0x6f,0x6e,
  0x73,0x20,0x7b,0x20,0x74,0x61,0x72,0x67,0x65,0x74,0x3a,0x20,0x64,0x61,0x74,0x61,
  0x62,0x61,0x73,0x65,0x3b,0x20,0x66,0x75,0x6e,0x63,0x74,0x69,0x6f,0x6e,0x20,0x6f,
  0x6e,0x44,0x61,0x74,0x61,0x43,0x68,0x61,0x6e,0x67,0x65,0x64,0x28,0x29,0x20,0x7b,
  0x20,0x72,0x6f,0x77,0x73,0x20,0x3d,0x20,0x67,0x61,0x6d,0x65,0x43,0x6f,0x6e,0x74,
  0x72,0x6f,0x6c,0x6c,0x65,0x72,0x2e,0x69,0x6e,0x63,0x6f,0x6d,0x65,0x52,0x6f,0x77,
  0x73,0x28,0x29,0x20,0x7d,0x20,0x7d,0xa,0x20,0x20,0x20,0x20,0x43,0x6f,0x6c,0x75,
  0x6d,0x6e,0x4c,0x61,0x79,0x6f,0x75,0x74,0x20,0x7b,0x20,0x61,0x6e,0x63,0x68,0x6f,
  0x72,0x73,0x2e,0x66,0x69,0x6c,0x6c,0x3a,0x20,0x70,0x61,0x72,0x65,0x6e,0x74,0x3b,
  0x20,0x61,0x6e,0x63,0x68,0x6f,0x72,0x73,0x2e,0x6d,0x61,0x72,0x67,0x69,0x6e,0x73,
  0x3a,0x20,0x33,0x30,0xa,0x20,0x20,0x20,0x20,0x20,0x20,0x20,0x20,0x53,0x65,0x63,
  0x74,0x69,0x6f,0x6e,0x54,0x69,0x74,0x6c,0x65,0x20,0x7b,0x20,0x74,0x69,0x74,0x6c,
  0x65,0x3a,0x20,0x22,0x49,0x6e,0x63,0x6f,0x6d,0x65,0x20,0x54,0x72,0x61,0x63,0x6b,
  0x65,0x72,0x22,0x20,0x7d,0xa,0x20,0x20,0x20,0x20,0x20,0x20,0x20,0x20,0x4c,0x61,
  0x62,0x65,0x6c,0x20,0x7b,0x20,0x74,0x65,0x78,0x74,0x3a,0x20,0x22,0x54,0x6f,0x74,
  0x61,0x6c,0x3a,0x20,0xe2,0x82,0xb9,0x22,0x20,0x2b,0x20,0x4e,0x75,0x6d,0x62,0x65,
  0x72,0x28,0x66,0x69,0x6e,0x61,0x6e,0x63,0x65,0x2e,0x74,0x6f,0x74,0x61,0x6c,0x49,
  0x6e,0x63,0x6f,0x6d,0x65,0x29,0x2e,0x74,0x6f,0x4c,0x6f,0x63,0x61,0x6c,0x65,0x53,
  0x74,0x72,0x69,0x6e,0x67,0x28,0x51,0x74,0x2e,0x6c,0x6f,0x63,0x61,0x6c,0x65,0x28,
  0x22,0x65,0x6e,0x2d,0x49,0x4e,0x22,0x29,0x2c,0x20,0x22,0x66,0x22,0x2c,0x20,0x30,
  0x29,0x3b,0x20,0x63,0x6f,0x6c,0x6f,0x72,0x3a,0x20,0x22,0x23,0x39,0x66,0x62,0x30,
  0x63,0x38,0x22,0x20,0x7d,0xa,0x20,0x20,0x20,0x20,0x20,0x20,0x20,0x20,0x52,0x6f,
  0x77,0x4c,0x61,0x79,0x6f,0x75,0x74,0x20,0x7b,0x20,0x4c,0x61,0x79,0x6f,0x75,0x74,
  0x2e,0x66,0x69,0x6c,0x6c,0x57,0x69,0x64,0x74,0x68,0x3a,0x20,0x74,0x72,0x75,0x65,
  0xa,0x20,0x20,0x20,0x20,0x20,0x20,0x20,0x20,0x20,0x20,0x20,0x20,0x54,0x65,0x78,
  0x74,0x46,0x69,0x65,0x6c,0x64,0x20,0x7b,0x20,0x69,0x64,0x3a,0x20,0x73,0x3b,0x20,
  0x70,0x6c,0x61,0x63,0x65,0x68,0x6f,0x6c,0x64,0x65,0x72,0x54,0x65,0x78,0x74,0x3a,
  0x20,0x22,0x49,0x6e,0x63,0x6f,0x6d,0x65,0x20,0x73,0x6f,0x75,0x72,0x63,0x65,0x22,
  0x20,0x7d,0xa,0x20,0x20,0x20,0x20,0x20,0x20,0x20,0x20,0x20,0x20,0x20,0x20,0x54,
  0x65,0x78,0x74,0x46,0x69,0x65,0x6c,0x64,0x20,0x7b,0x20,0x69,0x64,0x3a,0x20,0x63,
  0x3b,0x20,0x70,0x6c,0x61,0x63,0x65,0x68,0x6f,0x6c,0x64,0x65,0x72,0x54,0x65,0x78,
  0x74,0x3a,0x20,0x22,0x43,0x61,0x74,0x65,0x67,0x6f,0x72,0x79,0x22,0x20,0x7d,0xa,
  0x20,0x20,0x20,0x20,0x20,0x20,0x20,0x20,0x20,0x20,0x20,0x20,0x54,0x65,0x78,0x74,
  0x46,0x69,0x65,0x6c,0x64,0x20,0x7b,0x20,0x69,0x64,0x3a,0x20,0x61,0x3b,0x20,0x70,
  0x6c,0x61,0x63,0x65,0x68,0x6f,0x6c,0x64,0x65,0x72,0x54,0x65,0x78,0x74,0x3a,0x20,
  0x22,0x41,0x6d,0x6f,0x75,0x6e,0x74,0x22,0x3b,0x20,0x69,0x6e,0x70,0x75,0x74,0x4d,
  0x65,0x74,0x68,0x6f,0x64,0x48,0x69,0x6e,0x74,0x73,0x3a,0x20,0x51,0x74,0x2e,0x49,
  0x6d,0x68,0x44,0x69,0x67,0x69,0x74,0x73,0x4f,0x6e,0x6c,0x79,0x20,0x7d,0xa,0x20,
  0x20,0x20,0x20,0x20,0x20,0x20,0x20,0x20,0x20,0x20,0x20,0x43,0x68,0x65,0x63,0x6b,
  0x42,0x6f,0x78,0x20,0x7b,0x20,0x69,0x64,0x3a,0x20,0x72,0x3b,0x20,0x74,0x65,0x78,
  0x74,0x3a,0x20,0x22,0x52,0x65,0x63,0x75,0x72,0x72,0x69,0x6e,0x67,0x22,0x20,0x7d,
  0xa,0x20,0x20,0x20,0x20,0x20,0x20,0x20,0x20,0x20,0x20,0x20,0x20,0x54,0x65,0x78,
  0x74,0x46,0x69,0x65,0x6c,0x64,0x20,0x7b,0x20,0x69,0x64,0x3a,0x20,0x6e,0x3b,0x20,
  0x70,0x6c,0x61,0x63,0x65,0x68,0x6f,0x6c,0x64,0x65,0x72,0x54,0x65,0x78,0x74,0x3a,
  0x20,0x22,0x4e,0x6f,0x74,0x65,0x73,0x22,0x20,0x7d,0xa,0x20,0x20,0x20,0x20,0x20,
  0x20,0x20,0x20,0x20,0x20,0x20,0x20,0x42,0x75,0x74,0x74,0x6f,0x6e,0x20,0x7b,0x20,
  0x74,0x65,0x78,0x74,0x3a,0x20,0x22,0x41,0x64,0x64,0x22,0x3b,0x20,0x6f,0x6e,0x43,
  0x6c,0x69,0x63,0x6b,0x65,0x64,0x3a,0x20,0x7b,0xa,0x20,0x20,0x20,0x20,0x20,0x20,
  0x20,0x20,0x20,0x20,0x20,0x20,0x20,0x20,0x20,0x20,0x69,0x66,0x20,0x28,0x67,0x61,
  0x6d,0x65,0x43,0x6f,0x6e,0x74,0x72,0x6f,0x6c,0x6c,0x65,0x72,0x2e,0x61,0x64,0x64,
  0x49,0x6e,0x63,0x6f,0x6d,0x65,0x28,0x73,0x2e,0x74,0x65,0x78,0x74,0x2c,0x20,0x63,
  0x2e,0x74,0x65,0x78,0x74,0x2c,0x20,0x4e,0x75,0x6d,0x62,0x65,0x72,0x28,0x61,0x2e,
  0x74,0x65,0x78,0x74,0x29,0x2c,0x20,0x72,0x2e,0x63,0x68,0x65,0x63,0x6b,0x65,0x64,
  0x2c,0x20,0x6e,0x2e,0x74,0x65,0x78,0x74,0x29,0x29,0x20,0x7b,0xa,0x20,0x20,0x20,
  0x20,0x20,0x20,0x20,0x20,0x20,0x20,0x20,0x20,0x20,0x20,0x20,0x20,0x20,0x20,0x20,
  0x20,0x73,0x2e,0x63,0x6c,0x65,0x61,0x72,0x28,0x29,0x3b,0x20,0x63,0x2e,0x63,0x6c,
  0x65,0x61,0x72,0x28,0x29,0x3b,0x20,0x61,0x2e,0x63,0x6c,0x65,0x61,0x72,0x28,0x29,
  0x3b,0x20,0x6e,0x2e,0x63,0x6c,0x65,0x61,0x72,0x28,0x29,0xa,0x20,0x20,0x20,0x20,
  0x20,0x20,0x20,0x20,0x20,0x20,0x20,0x20,0x20,0x20,0x20,0x20,0x20,0x20,0x20,0x20,
  0x72,0x6f,0x77,0x73,0x20,0x3d,0x20,0x67,0x61,0x6d,0x65,0x43,0x6f,0x6e,0x74,0x72,
  0x6f,0x6c,0x6c,0x65,0x72,0x2e,0x69,0x6e,0x63,0x6f,0x6d,0x65,0x52,0x6f,0x77,0x73,
  0x28,0x29,0xa,0x20,0x20,0x20,0x20,0x20,0x20,0x20,0x20,0x20,0x20,0x20,0x20,0x20,
  0x20,0x20,0x20,0x7d,0xa,0x20,0x20,0x20,0x20,0x20,0x20,0x20,0x20,0x20,0x20,0x20,
  0x20,0x7d,0x7d,0xa,0x20,0x20,0x20,0x20,0x20,0x20,0x20,0x20,0x7d,0xa,0x20,0x20,
  0x20,0x20,0x20,0x20,0x20,0x20,0x4c,0x69,0x73,0x74,0x56,0x69,0x65,0x77,0x20,0x7b,
  0x20,0x4c,0x61,0x79,0x6f,0x75,0x74,0x2e,0x66,0x69,0x6c,0x6c,0x57,0x69,0x64,0x74,
  0x68,0x3a,0x20,0x74,0x72,0x75,0x65,0x3b,0x20,0x4c,0x61,0x79,0x6f,0x75,0x74,0x2e,
  0x66,0x69,0x6c,0x6c,0x48,0x65,0x69,0x67,0x68,0x74,0x3a,0x20,0x74,0x72,0x75,0x65,
  0x3b,0x20,0x6d,0x6f,0x64,0x65,0x6c,0x3a,0x20,0x72,0x6f,0x77,0x73,0x3b,0x20,0x63,
  0x6c,0x69,0x70,0x3a,0x20,0x74,0x72,0x75,0x65,0xa,0x20,0x20,0x20,0x20,0x20,0x20,
  0x20,0x20,0x20,0x20,0x20,0x20,0x64,0x65,0x6c,0x65,0x67,0x61,0x74,0x65,0x3a,0x20,
  0x52,0x65,0x63,0x74,0x61,0x6e,0x67,0x6c,0x65,0x20,0x7b,0x20,0x77,0x69,0x64,0x74,
  0x68,0x3a,0x20,0x4c,0x69,0x73,0x74,0x56,0x69,0x65,0x77,0x2e,0x76,0x69,0x65,0x77,
  0x2e,0x77,0x69,0x64,0x74,0x68,0x3b,0x20,0x68,0x65,0x69,0x67,0x68,0x74,0x3a,0x20,
  0x35,0x32,0x3b,0x20,0x63,0x6f,0x6c,0x6f,0x72,0x3a,0x20,0x69,0x6e,0x64,0x65,0x78,
  0x20,0x25,0x20,0x32,0x20,0x3f,0x20,0x22,0x23,0x31,0x30,0x31,0x61,0x32,0x61,0x22,
  0x20,0x3a,0x20,0x22,0x23,0x31,0x34,0x32,0x30,0x33,0x33,0x22,0xa,0x20,0x20,0x20,
  0x20,0x20,0x20,0x20,0x20,0x20,0x20,0x20,0x20,0x20,0x20,0x20,0x20,0x52,0x6f,0x77,
  0x20,0x7b,0x20,0x61,0x6e,0x63,0x68,0x6f,0x72,0x73,0x2e,0x66,0x69,0x6c,0x6c,0x3a,
  0x20,0x70,0x61,0x72,0x65,0x6e,0x74,0x3b,0x20,0x61,0x6e,0x63,0x68,0x6f,0x72,0x73,
  0x2e,0x6d,0x61,0x72,0x67,0x69,0x6e,0x73,0x3a,0x20,0x31,0x32,0x3b,0x20,0x73,0x70,
  0x61,0x63,0x69,0x6e,0x67,0x3a,0x20,0x33,0x35,0xa,0x20,0x20,0x20,0x20,0x20,0x20,
  0x20,0x20,0x20,0x20,0x20,0x20,0x20,0x20,0x20,0x20,0x20,0x20,0x20,0x20,0x4c,0x61,
  0x62,0x65,0x6c,0x20,0x7b,0x20,0x74,0x65,0x78,0x74,0x3a,0x20,0x64,0x61,0x74,0x65,
  0x3b,0x20,0x63,0x6f,0x6c,0x6f,0x72,0x3a,0x20,0x22,0x23,0x38,0x32,0x39,0x34,0x61,
  0x65,0x22,0x3b,0x20,0x77,0x69,0x64,0x74,0x68,0x3a,0x20,0x39,0x30,0x20,0x7d,0xa,
  0x20,0x20,0x20,0x20,0x20,0x20,0x20,0x20,0x20,0x20,0x20,0x20,0x20,0x20,0x20,0x20,
  0x20,0x20,0x20,0x20,0x4c,0x61,0x62,0x65,0x6c,0x20,0x7b,0x20,0x74,0x65,0x78,0x74,
  0x3a,0x20,0x73,0x6f,0x75,0x72,0x63,0x65,0x3b,0x20,0x63,0x6f,0x6c,0x6f,0x72,0x3a,
  0x20,0x22,0x77,0x68,0x69,0x74,0x65,0x22,0x3b,0x20,0x77,0x69,0x64,0x74,0x68,0x3a,
  0x20,0x31,0x38,0x30,0x20,0x7d,0xa,0x20,0x20,0x20,0x20,0x20,0x20,0x20,0x20,0x20,
  0x20,0x20,0x20,0x20,0x20,0x20,0x20,0x20,0x20,0x20,0x20,0x4c,0x61,0x62,0x65,0x6c,
  0x20,0x7b,0x20,0x74,0x65,0x78,0x74,0x3a,0x20,0x63,0x61,0x74,0x65,0x67,0x6f,0x72,
  0x79,0x3b,0x20,0x63,0x6f,0x6c,0x6f,0x72,0x3a,0x20,0x22,0x23,0x39,0x66,0x62,0x30,
  0x63,0x38,0x22,0x3b,0x20,0x77,0x69,0x64,0x74,0x68,0x3a,0x20,0x31,0x33,0x30,0x20,
  0x7d,0xa,0x20,0x20,0x20,0x20,0x20,0x20,0x20,0x20,0x20,0x20,0x20,0x20,0x20,0x20,
  0x20,0x20,0x20,0x20,0x20,0x20,0x4c,0x61,0x62,0x65,0x6c,0x20,0x7b,0x20,0x74,0x65,
  0x78,0x74,0x3a,0x20,0x22,0xe2,0x82,0xb9,0x22,0x20,0x2b,0x20,0x4e,0x75,0x6d,0x62,
  0x65,0x72,0x28,0x61,0x6d,0x6f,0x75,0x6e,0x74,0x29,0x2e,0x74,0x6f,0x4c,0x6f,0x63,
  0x61,0x6c,0x65,0x53,0x74,0x72,0x69,0x6e,0x67,0x28,0x51,0x74,0x2e,0x6c,0x6f,0x63,
  0x61,0x6c,0x65,0x28,0x22,0x65,0x6e,0x2d,0x49,0x4e,0x22,0x29,0x2c,0x20,0x22,0x66,
  0x22,0x2c,0x20,0x30,0x29,0x3b,0x20,0x63,0x6f,0x6c,0x6f,0x72,0x3a,0x20,0x22,0x77,
  0x68,0x69,0x74,0x65,0x22,0x3b,0x20,0x77,0x69,0x64,0x74,0x68,0x3a,0x20,0x31,0x32,
  0x30,0x20,0x7d,0xa,0x20,0x20,0x20,0x20,0x20,0x20,0x20,0x20,0x20,0x20,0x20,0x20,
  0x20,0x20,0x20,0x20,0x20,0x20,0x20,0x20,0x4c,0x61,0x62,0x65,0x6c,0x20,0x7b,0x20,
  0x74,0x65,0x78,0x74,0x3a,0x20,0x72,0x65,0x63,0x75,0x72,0x72,0x69,0x6e,0x67,0x20,
  0x3f,0x20,0x22,0x59,0x65,0x73,0x22,0x20,0x3a,0x20,0x22,0x4e,0x6f,0x22,0x3b,0x20,
  0x63,0x6f,0x6c,0x6f,0x72,0x3a,0x20,0x22,0x23,0x39,0x66,0x62,0x30,0x63,0x38,0x22,
  0x20,0x7d,0xa,0x20,0x20,0x20,0x20,0x20,0x20,0x20,0x20,0x20,0x20,0x20,0x20,0x20,
  0x20,0x20,0x20,0x7d,0xa,0x20,0x20,0x20,0x20,0x20,0x20,0x20,0x20,0x20,0x20,0x20,
  0x20,0x7d,0xa,0x20,0x20,0x20,0x20,0x20,0x20,0x20,0x20,0x7d,0xa,0x20,0x20,0x20,
  0x20,0x7d,0xa,0x7d,0xa,
    // AssetsPage.qml
  0x0,0x0,0x8,0x3d,
  0x69,
  0x6d,0x70,0x6f,0x72,0x74,0x20,0x51,0x74,0x51,0x75,0x69,0x63,0x6b,0xa,0x69,0x6d,
  0x70,0x6f,0x72,0x74,0x20,0x51,0x74,0x51,0x75,0x69,0x63,0x6b,0x2e,0x43,0x6f,0x6e,
  0x74,0x72,0x6f,0x6c,0x73,0xa,0x69,0x6d,0x70,0x6f,0x72,0x74,0x20,0x51,0x74,0x51,
  0x75,0x69,0x63,0x6b,0x2e,0x4c,0x61,0x79,0x6f,0x75,0x74,0x73,0xa,0x69,0x6d,0x70,
  0x6f,0x72,0x74,0x20,0x50,0x65,0x72,0x73,0x6f,0x6e,0x61,0x6c,0x43,0x61,0x73,0x68,
  0x66,0x6c,0x6f,0x77,0x47,0x61,0x6d,0x65,0xa,0x50,0x61,0x67,0x65,0x20,0x7b,0xa,
  0x20,0x20,0x20,0x20,0x62,0x61,0x63,0x6b,0x67,0x72,0x6f,0x75,0x6e,0x64,0x3a,0x20,
  0x52,0x65,0x63,0x74,0x61,0x6e,0x67,0x6c,0x65,0x7b,0x63,0x6f,0x6c,0x6f,0x72,0x3a,
  0x22,0x23,0x30,0x62,0x31,0x32,0x32,0x30,0x22,0x7d,0xa,0x20,0x20,0x20,0x20,0x70,
  0x72,0x6f,0x70,0x65,0x72,0x74,0x79,0x20,0x76,0x61,0x72,0x20,0x72,0x6f,0x77,0x73,
  0x3a,0x20,0x67,0x61,0x6d,0x65,0x43,0x6f,0x6e,0x74,0x72,0x6f,0x6c,0x6c,0x65,0x72,
  0x2e,0x61,0x73,0x73,0x65,0x74,0x52,0x6f,0x77,0x73,0x28,0x29,0xa,0x20,0x20,0x20,
  0x20,0x43,0x6f,0x6e,0x6e,0x65,0x63,0x74,0x69,0x6f,0x6e,0x73,0x20,0x7b,0x20,0x74,
  0x61,0x72,0x67,0x65,0x74,0x3a,0x20,0x64,0x61,0x74,0x61,0x62,0x61,0x73,0x65,0x3b,
  0x20,0x66,0x75,0x6e,0x63,0x74,0x69,0x6f,0x6e,0x20,0x6f,0x6e,0x44,0x61,0x74,0x61,
  0x43,0x68,0x61,0x6e,0x67,0x65,0x64,0x28,0x29,0x20,0x7b,0x20,0x72,0x6f,0x77,0x73,
  0x20,0x3d,0x20,0x67,0x61,0x6d,0x65,0x43,0x6f,0x6e,0x74,0x72,0x6f,0x6c,0x6c,0x65,
  0x72,0x2e,0x61,0x73,0x73,0x65,0x74,0x52,0x6f,0x77,0x73,0x28,0x29,0x20,0x7d,0x20,
  0x7d,0xa,0x20,0x20,0x20,0x20,0x43,0x6f,0x6c,0x75,0x6d,0x6e,0x4c,0x61,0x79,0x6f,
  0x75,0x74,0x20,0x7b,0x20,0x61,0x6e,0x63,0x68,0x6f,0x72,0x73,0x2e,0x66,0x69,0x6c,
  0x6c,0x3a,0x20,0x70,0x61,0x72,0x65,0x6e,0x74,0x3b,0x20,0x61,0x6e,0x63,0x68,0x6f,
  0x72,0x73,0x2e,0x6d,0x61,0x72,0x67,0x69,0x6e,0x73,0x3a,0x20,0x33,0x30,0x3b,0x20,
  0x73,0x70,0x61,0x63,0x69,0x6e,0x67,0x3a,0x20,0x31,0x34,0xa,0x20,0x20,0x20,0x20,
  0x20,0x20,0x20,0x20,0x53,0x65,0x63,0x74,0x69,0x6f,0x6e,0x54,0x69,0x74,0x6c,0x65,
  0x20,0x7b,0x20,0x74,0x69,0x74,0x6c,0x65,0x3a,0x20,0x22,0x41,0x73,0x73,0x65,0x74,
  0x73,0x22,0x20,0x7d,0xa,0x20,0x20,0x20,0x20,0x20,0x20,0x20,0x20,0x4c,0x61,0x62,
  0x65,0x6c,0x20,0x7b,0x20,0x74,0x65,0x78,0x74,0x3a,0x20,0x22,0x41,0x73,0x73,0x65,
  0x74,0x73,0x20,0x74,0x68,0x61,0x74,0x20,0x68,0x61,0x76,0x65,0x20,0x76,0x61,0x6c,
  0x75,0x65,0x20,0x6f,0x72,0x20,0x67,0x65,0x6e,0x65,0x72,0x61,0x74,0x65,0x20,0x69,
  0x6e,0x63,0x6f,0x6d,0x65,0x2e,0x22,0x3b,0x20,0x63,0x6f,0x6c,0x6f,0x72,0x3a,0x20,
  0x22,0x23,0x38,0x34,0x39,0x35,0x61,0x66,0x22,0x20,0x7d,0xa,0x20,0x20,0x20,0x20,
  0x20,0x20,0x20,0x20,0x52,0x6f,0x77,0x4c,0x61,0x79,0x6f,0x75,0x74,0x20,0x7b,0x20,
  0x4c,0x61,0x79,0x6f,0x75,0x74,0x2e,0x66,0x69,0x6c,0x6c,0x57,0x69,0x64,0x74,0x68,
  0x3a,0x20,0x74,0x72,0x75,0x65,0xa,0x20,0x20,0x20,0x20,0x20,0x20,0x20,0x20,0x20,
  0x20,0x20,0x20,0x54,0x65,0x78,0x74,0x46,0x69,0x65,0x6c,0x64,0x20,0x7b,0x20,0x69,
  0x64,0x3a,0x20,0x6e,0x3b,0x20,0x70,0x6c,0x61,0x63,0x65,0x68,0x6f,0x6c,0x64,0x65,
  0x72,0x54,0x65,0x78,0x74,0x3a,0x20,0x22,0x41,0x73,0x73,0x65,0x74,0x20,0x6e,0x61,
  0x6d,0x65,0x22,0x20,0x7d,0xa,0x20,0x20,0x20,0x20,0x20,0x20,0x20,0x20,0x20,0x20,
  0x20,0x20,0x54,0x65,0x78,0x74,0x46,0x69,0x65,0x6c,0x64,0x20,0x7b,0x20,0x69,0x64,
  0x3a,0x20,0x74,0x3b,0x20,0x70,0x6c,0x61,0x63,0x65,0x68,0x6f,0x6c,0x64,0x65,0x72,
  0x54,0x65,0x78,0x74,0x3a,0x20,0x22,0x54,0x79,0x70,0x65,0x22,0x20,0x7d,0xa,0x20,
  0x20,0x20,0x20,0x20,0x20,0x20,0x20,0x20,0x20,0x20,0x20,0x54,0x65,0x78,0x74,0x46,
  0x69,0x65,0x6c,0x64,0x20,0x7b,0x20,0x69,0x64,0x3a,0x20,0x70,0x3b,0x20,0x70,0x6c,
  0x61,0x63,0x65,0x68,0x6f,0x6c,0x64,0x65,0x72,0x54,0x65,0x78,0x74,0x3a,0x20,0x22,
  0x50,0x75,0x72,0x63,0x68,0x61,0x73,0x65,0x20,0x76,0x61,0x6c,0x75,0x65,0x22,0x20,
  0x7d,0xa,0x20,0x20,0x20,0x20,0x20,0x20,0x20,0x20,0x20,0x20,0x20,0x20,0x54,0x65,
  0x78,0x74,0x46,0x69,0x65,0x6c,0x64,0x20,0x7b,0x20,0x69,0x64,0x3a,0x20,0x63,0x3b,
  0x20,0x70,0x6c,0x61,0x63,0x65,0x68,0x6f,0x6c,0x64,0x65,0x72,0x54,0x65,0x78,0x74,
  0x3a,0x20,0x22,0x43,0x75,0x72,0x72,0x65,0x6e,0x74,0x20,0x76,0x61,0x6c,0x75,0x65,
  0x22,0x20,0x7d,0xa,0x20,0x20,0x20,0x20,0x20,0x20,0x20,0x20,0x20,0x20,0x20,0x20,
  0x54,0x65,0x78,0x74,0x46,0x69,0x65,0x6c,0x64,0x20,0x7b,0x20,0x69,0x64,0x3a,0x20,
  0x70,0x69,0x3b,0x20,0x70,0x6c,0x61,0x63,0x65,0x68,0x6f,0x6c,0x64,0x65,0x72,0x54,
  0x65,0x78,0x74,0x3a,0x20,0x22,0x4d,0x6f,0x6e,0x74,0x68,0x6c,0x79,0x20,0x70,0x61,
  0x73,0x73,0x69,0x76,0x65,0x20,0x69,0x6e,0x63,0x6f,0x6d,0x65,0x22,0x20,0x7d,0xa,
  0x20,0x20,0x20,0x20,0x20,0x20,0x20,0x20,0x20,0x20,0x20,0x20,0x54,0x65,0x78,0x74,
  0x46,0x69,0x65,0x6c,0x64,0x20,0x7b,0x20,0x69,0x64,0x3a,0x20,0x72,0x3b,0x20,0x70,
  0x6c,0x61,0x63,0x65,0x68,0x6f,0x6c,0x64,0x65,0x72,0x54,0x65,0x78,0x74,0x3a,0x20,
  0x22,0x41,0x6e,0x6e,0x75,0x61,0x6c,0x20,0x72,0x65,0x74,0x75,0x72,0x6e,0x20,0x25,
  0x22,0x20,0x7d,0xa,0x20,0x20,0x20,0x20,0x20,0x20,0x20,0x20,0x20,0x20,0x20,0x20,
  0x42,0x75,0x74,0x74,0x6f,0x6e,0x20,0x7b,0x20,0x74,0x65,0x78,0x74,0x3a,0x20,0x22,
  0x41,0x64,0x64,0x22,0x3b,0x20,0x6f,0x6e,0x43,0x6c,0x69,0x63,0x6b,0x65,0x64,0x3a,
  0x20,0x7b,0xa,0x20,0x20,0x20,0x20,0x20,0x20,0x20,0x20,0x20,0x20,0x20,0x20,0x20,
  0x20,0x20,0x20,0x69,0x66,0x20,0x28,0x67,0x61,0x6d,0x65,0x43,0x6f,0x6e,0x74,0x72,
  0x6f,0x6c,0x6c,0x65,0x72,0x2e,0x61,0x64,0x64,0x41,0x73,0x73,0x65,0x74,0x28,0x6e,
  0x2e,0x74,0x65,0x78,0x74,0x2c,0x20,0x74,0x2e,0x74,0x65,0x78,0x74,0x2c,0x20,0x4e,
  0x75,0x6d,0x62,0x65,0x72,0x28,0x70,0x2e,0x74,0x65,0x78,0x74,0x29,0x2c,0x20,0x4e,
  0x75,0x6d,0x62,0x65,0x72,0x28,0x63,0x2e,0x74,0x65,0x78,0x74,0x29,0x2c,0x20,0x4e,
  0x75,0x6d,0x62,0x65,0x72,0x28,0x70,0x69,0x2e,0x74,0x65,0x78,0x74,0x29,0x2c,0x20,
  0x4e,0x75,0x6d,0x62,0x65,0x72,0x28,0x72,0x2e,0x74,0x65,0x78,0x74,0x29,0x2c,0x20,
  0x22,0x22,0x29,0x29,0x20,0x7b,0xa,0x20,0x20,0x20,0x20,0x20,0x20,0x20,0x20,0x20,
  0x20,0x20,0x20,0x20,0x20,0x20,0x20,0x20,0x20,0x20,0x20,0x72,0x6f,0x77,0x73,0x20,
  0x3d,0x20,0x67,0x61,0x6d,0x65,0x43,0x6f,0x6e,0x74,0x72,0x6f,0x6c,0x6c,0x65,0x72,
  0x2e,0x61,0x73,0x73,0x65,0x74,0x52,0x6f,0x77,0x73,0x28,0x29,0xa,0x20,0x20,0x20,
  0x20,0x20,0x20,0x20,0x20,0x20,0x20,0x20,0x20,0x20,0x20,0x20,0x20,0x20,0x20,0x20,
  0x20,0x6e,0x2e,0x63,0x6c,0x65,0x61,0x72,0x28,0x29,0x3b,0x20,0x74,0x2e,0x63,0x6c,
  0x65,0x61,0x72,0x28,0x29,0x3b,0x20,0x70,0x2e,0x63,0x6c,0x65,0x61,0x72,0x28,0x29,
  0x3b,0x20,0x63,0x2e,0x63,0x6c,0x65,0x61,0x72,0x28,0x29,0x3b,0x20,0x70,0x69,0x2e,
  0x63,0x6c,0x65,0x61,0x72,0x28,0x29,0x3b,0x20,0x72,0x2e,0x63,0x6c,0x65,0x61,0x72,
  0x28,0x29,0xa,0x20,0x20,0x20,0x20,0x20,0x20,0x20,0x20,0x20,0x20,0x20,0x20,0x20,
  0x20,0x20,0x20,0x7d,0xa,0x20,0x20,0x20,0x20,0x20,0x20,0x20,0x20,0x20,0x20,0x20,
  0x20,0x7d,0x7d,0xa,0x20,0x20,0x20,0x20,0x20,0x20,0x20,0x20,0x7d,0xa,0x20,0x20,
  0x20,0x20,0x20,0x20,0x20,0x20,0x4c,0x69,0x73,0x74,0x56,0x69,0x65,0x77,0x20,0x7b,
  0x20,0x4c,0x61,0x79,0x6f,0x75,0x74,0x2e,0x66,0x69,0x6c,0x6c,0x57,0x69,0x64,0x74,
  0x68,0x3a,0x20,0x74,0x72,0x75,0x65,0x3b,0x20,0x4c,0x61,0x79,0x6f,0x75,0x74,0x2e,
  0x66,0x69,0x6c,0x6c,0x48,0x65,0x69,0x67,0x68,0x74,0x3a,0x20,0x74,0x72,0x75,0x65,
  0x3b,0x20,0x6d,0x6f,0x64,0x65,0x6c,0x3a,0x20,0x72,0x6f,0x77,0x73,0xa,0x20,0x20,
  0x20,0x20,0x20,0x20,0x20,0x20,0x20,0x20,0x20,0x20,0x64,0x65,0x6c,0x65,0x67,0x61,
  0x74,0x65,0x3a,0x20,0x52,0x65,0x63,0x74,0x61,0x6e,0x67,0x6c,0x65,0x20,0x7b,0x20,
  0x77,0x69,0x64,0x74,0x68,0x3a,0x20,0x4c,0x69,0x73,0x74,0x56,0x69,0x65,0x77,0x2e,
  0x76,0x69,0x65,0x77,0x2e,0x77,0x69,0x64,0x74,0x68,0x3b,0x20,0x68,0x65,0x69,0x67,
  0x68,0x74,0x3a,0x20,0x35,0x38,0x3b,0x20,0x63,0x6f,0x6c,0x6f,0x72,0x3a,0x20,0x69,
  0x6e,0x64,0x65,0x78,0x20,0x25,0x20,0x32,0x20,0x3f,0x20,0x22,0x23,0x31,0x30,0x31,
  0x61,0x32,0x61,0x22,0x20,0x3a,0x20,0x22,0x23,0x31,0x34,0x32,0x30,0x33,0x33,0x22,
  0xa,0x20,0x20,0x20,0x20,0x20,0x20,0x20,0x20,0x20,0x20,0x20,0x20,0x20,0x20,0x20,
  0x20,0x52,0x6f,0x77,0x20,0x7b,0x20,0x61,0x6e,0x63,0x68,0x6f,0x72,0x73,0x2e,0x66,
  0x69,0x6c,0x6c,0x3a,0x20,0x70,0x61,0x72,0x65,0x6e,0x74,0x3b,0x20,0x61,0x6e,0x63,
  0x68,0x6f,0x72,0x73,0x2e,0x6d,0x61,0x72,0x67,0x69,0x6e,0x73,0x3a,0x20,0x31,0x32,
  0x3b,0x20,0x73,0x70,0x61,0x63,0x69,0x6e,0x67,0x3a,0x20,0x33,0x30,0xa,0x20,0x20,
  0x20,0x20,0x20,0x20,0x20,0x20,0x20,0x20,0x20,0x20,0x20,0x20,0x20,0x20,0x20,0x20,
  0x20,0x20,0x4c,0x61,0x62,0x65,0x6c,0x20,0x7b,0x20,0x74,0x65,0x78,0x74,0x3a,0x20,
  0x6e,0x61,0x6d,0x65,0x3b,0x20,0x63,0x6f,0x6c,0x6f,0x72,0x3a,0x20,0x22,0x77,0x68,
  0x69,0x74,0x65,0x22,0x3b,0x20,0x77,0x69,0x64,0x74,0x68,0x3a,0x20,0x31,0x38,0x30,
  0x20,0x7d,0xa,0x20,0x20,0x20,0x20,0x20,0x20,0x20,0x20,0x20,0x20,0x20,0x20,0x20,
  0x20,0x20,0x20,0x20,0x20,0x20,0x20,0x4c,0x61,0x62,0x65,0x6c,0x20,0x7b,0x20,0x74,
  0x65,0x78,0x74,0x3a,0x20,0x74,0x79,0x70,0x65,0x3b,0x20,0x63,0x6f,0x6c,0x6f,0x72,
  0x3a,0x20,0x22,0x23,0x39,0x66,0x62,0x30,0x63,0x38,0x22,0x3b,0x20,0x77,0x69,0x64,
  0x74,0x68,0x3a,0x20,0x31,0x33,0x30,0x20,0x7d,0xa,0x20,0x20,0x20,0x20,0x20,0x20,
  0x20,0x20,0x20,0x20,0x20,0x20,0x20,0x20,0x20,0x20,0x20,0x20,0x20,0x20,0x4c,0x61,
  0x62,0x65,0x6c,0x20,0x7b,0x20,0x74,0x65,0x78,0x74,0x3a,0x20,0x22,0xe2,0x82,0xb9,
  0x22,0x20,0x2b,0x20,0x4e,0x75,0x6d,0x62,0x65,0x72,0x28,0x63,0x75,0x72,0x72,0x65,
  0x6e,0x74,0x29,0x2e,0x74,0x6f,0x4c,0x6f,0x63,0x61,0x6c,0x65,0x53,0x74,0x72,0x69,
  0x6e,0x67,0x28,0x51,0x74,0x2e,0x6c,0x6f,0x63,0x61,0x6c,0x65,0x28,0x22,0x65,0x6e,
  0x2d,0x49,0x4e,0x22,0x29,0x2c,0x20,0x22,0x66,0x22,0x2c,0x20,0x30,0x29,0x3b,0x20,
  0x63,0x6f,0x6c,0x6f,0x72,0x3a,0x20,0x22,0x77,0x68,0x69,0x74,0x65,0x22,0x3b,0x20,
  0x77,0x69,0x64,0x74,0x68,0x3a,0x20,0x31,0x34,0x30,0x20,0x7d,0xa,0x20,0x20,0x20,
  0x20,0x20,0x20,0x20,0x20,0x20,0x20,0x20,0x20,0x20,0x20,0x20,0x20,0x20,0x20,0x20,
  0x20,0x4c,0x61,0x62,0x65,0x6c,0x20,0x7b,0x20,0x74,0x65,0x78,0x74,0x3a,0x20,0x22,
  0x50,0x61,0x73,0x73,0x69,0x76,0x65,0x20,0xe2,0x82,0xb9,0x22,0x20,0x2b,0x20,0x4e,
  0x75,0x6d,0x62,0x65,0x72,0x28,0x70,0x61,0x73,0x73,0x69,0x76,0x65,0x29,0x2e,0x74,
  0x6f,0x4c,0x6f,0x63,0x61,0x6c,0x65,0x53,0x74,0x72,0x69,0x6e,0x67,0x28,0x51,0x74,
  0x2e,0x6c,0x6f,0x63,0x61,0x6c,0x65,0x28,0x22,0x65,0x6e,0x2d,0x49,0x4e,0x22,0x29,
  0x2c,0x20,0x22,0x66,0x22,0x2c,0x20,0x30,0x29,0x3b,0x20,0x63,0x6f,0x6c,0x6f,0x72,
  0x3a,0x20,0x22,0x23,0x39,0x66,0x62,0x30,0x63,0x38,0x22,0x20,0x7d,0xa,0x20,0x20,
  0x20,0x20,0x20,0x20,0x20,0x20,0x20,0x20,0x20,0x20,0x20,0x20,0x20,0x20,0x20,0x20,
  0x20,0x20,0x4c,0x61,0x62,0x65,0x6c,0x20,0x7b,0x20,0x74,0x65,0x78,0x74,0x3a,0x20,
  0x4e,0x75,0x6d,0x62,0x65,0x72,0x28,0x61,0x6e,0x6e,0x75,0x61,0x6c,0x52,0x65,0x74,
  0x75,0x72,0x6e,0x29,0x2e,0x74,0x6f,0x46,0x69,0x78,0x65,0x64,0x28,0x31,0x29,0x20,
  0x2b,0x20,0x22,0x25,0x22,0x3b,0x20,0x63,0x6f,0x6c,0x6f,0x72,0x3a,0x20,0x22,0x23,
  0x39,0x66,0x62,0x30,0x63,0x38,0x22,0x20,0x7d,0xa,0x20,0x20,0x20,0x20,0x20,0x20,
  0x20,0x20,0x20,0x20,0x20,0x20,0x20,0x20,0x20,0x20,0x7d,0xa,0x20,0x20,0x20,0x20,
  0x20,0x20,0x20,0x20,0x20,0x20,0x20,0x20,0x7d,0xa,0x20,0x20,0x20,0x20,0x20,0x20,
  0x20,0x20,0x7d,0xa,0x20,0x20,0x20,0x20,0x7d,0xa,0x7d,0xa,
    // LiabilitiesPage.qml
  0x0,0x0,0x8,0x4,
  0x69,
  0x6d,0x70,0x6f,0x72,0x74,0x20,0x51,0x74,0x51,0x75,0x69,0x63,0x6b,0xa,0x69,0x6d,
  0x70,0x6f,0x72,0x74,0x20,0x51,0x74,0x51,0x75,0x69,0x63,0x6b,0x2e,0x43,0x6f,0x6e,
  0x74,0x72,0x6f,0x6c,0x73,0xa,0x69,0x6d,0x70,0x6f,0x72,0x74,0x20,0x51,0x74,0x51,
  0x75,0x69,0x63,0x6b,0x2e,0x4c,0x61,0x79,0x6f,0x75,0x74,0x73,0xa,0x69,0x6d,0x70,
  0x6f,0x72,0x74,0x20,0x50,0x65,0x72,0x73,0x6f,0x6e,0x61,0x6c,0x43,0x61,0x73,0x68,
  0x66,0x6c,0x6f,0x77,0x47,0x61,0x6d,0x65,0xa,0x50,0x61,0x67,0x65,0x20,0x7b,0xa,
  0x20,0x20,0x20,0x20,0x62,0x61,0x63,0x6b,0x67,0x72,0x6f,0x75,0x6e,0x64,0x3a,0x20,
  0x52,0x65,0x63,0x74,0x61,0x6e,0x67,0x6c,0x65,0x7b,0x63,0x6f,0x6c,0x6f,0x72,0x3a,
  0x22,0x23,0x30,0x62,0x31,0x32,0x32,0x30,0x22,0x7d,0xa,0x20,0x20,0x20,0x20,0x70,
  0x72,0x6f,0x70,0x65,0x72,0x74,0x79,0x20,0x76,0x61,0x72,0x20,0x72,0x6f,0x77,0x73,
  0x3a,0x20,0x67,0x61,0x6d,0x65,0x43,0x6f,0x6e,0x74,0x72,0x6f,0x6c,0x6c,0x65,0x72,
  0x2e,0x6c,0x69,0x61,0x62,0x69,0x6c,0x69,0x74,0x79,0x52,0x6f,0x77,0x73,0x28,0x29,
  0xa,0x20,0x20,0x20,0x20,0x43,0x6f,0x6e,0x6e,0x65,0x63,0x74,0x69,0x6f,0x6e,0x73,
  0x20,0x7b,0x20,0x74,0x61,0x72,0x67,0x65,0x74,0x3a,0x20,0x64,0x61,0x74,0x61,0x62,
  0x61,0x73,0x65,0x3b,0x20,0x66,0x75,0x6e,0x63,0x74,0x69,0x6f,0x6e,0x20,0x6f,0x6e,
  0x44,0x61,0x74,0x61,0x43,0x68,0x61,0x6e,0x67,0x65,0x64,0x28,0x29,0x20,0x7b,0x20,
  0x72,0x6f,0x77,0x73,0x20,0x3d,0x20,0x67,0x61,0x6d,0x65,0x43,0x6f,0x6e,0x74,0x72,
  0x6f,0x6c,0x6c,0x65,0x72,0x2e,0x6c,0x69,0x61,0x62,0x69,0x6c,0x69,0x74,0x79,0x52,
  0x6f,0x77,0x73,0x28,0x29,0x20,0x7d,0x20,0x7d,0xa,0x20,0x20,0x20,0x20,0x43,0x6f,
  0x6c,0x75,0x6d,0x6e,0x4c,0x61,0x79,0x6f,0x75,0x74,0x20,0x7b,0x20,0x61,0x6e,0x63,
  0x68,0x6f,0x72,0x73,0x2e,0x66,0x69,0x6c,0x6c,0x3a,0x20,0x70,0x61,0x72,0x65,0x6e,
  0x74,0x3b,0x20,0x61,0x6e,0x63,0x68,0x6f,0x72,0x73,0x2e,0x6d,0x61,0x72,0x67,0x69,
  0x6e,0x73,0x3a,0x20,0x33,0x30,0xa,0x20,0x20,0x20,0x20,0x20,0x20,0x20,0x20,0x53,
  0x65,0x63,0x74,0x69,0x6f,0x6e,0x54,0x69,0x74,0x6c,0x65,0x20,0x7b,0x20,0x74,0x69,
  0x74,0x6c,0x65,0x3a,0x20,0x22,0x4c,0x69,0x61,0x62,0x69,0x6c,0x69,0x74,0x69,0x65,
  0x73,0x22,0x20,0x7d,0xa,0x20,0x20,0x20,0x20,0x20,0x20,0x20,0x20,0x4c,0x61,0x62,
  0x65,0x6c,0x20,0x7b,0x20,0x74,0x65,0x78,0x74,0x3a,0x20,0x22,0x4f,0x75,0x74,0x73,
  0x74,0x61,0x6e,0x64,0x69,0x6e,0x67,0x3a,0x20,0xe2,0x82,0xb9,0x22,0x20,0x2b,0x20,
  0x4e,0x75,0x6d,0x62,0x65,0x72,0x28,0x66,0x69,0x6e,0x61,0x6e,0x63,0x65,0x2e,0x74,
  0x6f,0x74,0x61,0x6c,0x4c,0x69,0x61,0x62,0x69,0x6c,0x69,0x74,0x69,0x65,0x73,0x29,
  0x2e,0x74,0x6f,0x4c,0x6f,0x63,0x61,0x6c,0x65,0x53,0x74,0x72,0x69,0x6e,0x67,0x28,
  0x51,0x74,0x2e,0x6c,0x6f,0x63,0x61,0x6c,0x65,0x28,0x22,0x65,0x6e,0x2d,0x49,0x4e,
  0x22,0x29,0x2c,0x20,0x22,0x66,0x22,0x2c,0x20,0x30,0x29,0x3b,0x20,0x63,0x6f,0x6c,
  0x6f,0x72,0x3a,0x20,0x22,0x23,0x38,0x34,0x39,0x35,0x61,0x66,0x22,0x20,0x7d,0xa,
  0x20,0x20,0x20,0x20,0x20,0x20,0x20,0x20,0x52,0x6f,0x77,0x4c,0x61,0x79,0x6f,0x75,
  0x74,0x20,0x7b,0x20,0x4c,0x61,0x79,0x6f,0x75,0x74,0x2e,0x66,0x69,0x6c,0x6c,0x57,
  0x69,0x64,0x74,0x68,0x3a,0x20,0x74,0x72,0x75,0x65,0xa,0x20,0x20,0x20,0x20,0x20,
  0x20,0x20,0x20,0x20,0x20,0x20,0x20,0x54,0x65,0x78,0x74,0x46,0x69,0x65,0x6c,0x64,
  0x20,0x7b,0x20,0x69,0x64,0x3a,0x20,0x6e,0x3b,0x20,0x70,0x6c,0x61,0x63,0x65,0x68,
  0x6f,0x6c,0x64,0x65,0x72,0x54,0x65,0x78,0x74,0x3a,0x20,0x22,0x4c,0x6f,0x61,0x6e,
  0x20,0x6e,0x61,0x6d,0x65,0x22,0x20,0x7d,0xa,0x20,0x20,0x20,0x20,0x20,0x20,0x20,
  0x20,0x20,0x20,0x20,0x20,0x54,0x65,0x78,0x74,0x46,0x69,0x65,0x6c,0x64,0x20,0x7b,
  0x20,0x69,0x64,0x3a,0x20,0x62,0x3b,0x20,0x70,0x6c,0x61,0x63,0x65,0x68,0x6f,0x6c,
  0x64,0x65,0x72,0x54,0x65,0x78,0x74,0x3a,0x20,0x22,0x42,0x61,0x6c,0x61,0x6e,0x63,
  0x65,0x22,0x20,0x7d,0xa,0x20,0x20,0x20,0x20,0x20,0x20,0x20,0x20,0x20,0x20,0x20,
  0x20,0x54,0x65,0x78,0x74,0x46,0x69,0x65,0x6c,0x64,0x20,0x7b,0x20,0x69,0x64,0x3a,
  0x20,0x65,0x3b,0x20,0x70,0x6c,0x61,0x63,0x65,0x68,0x6f,0x6c,0x64,0x65,0x72,0x54,
  0x65,0x78,0x74,0x3a,0x20,0x22,0x4d,0x6f,0x6e,0x74,0x68,0x6c,0x79,0x20,0x45,0x4d,
  0x49,0x22,0x20,0x7d,0xa,0x20,0x20,0x20,0x20,0x20,0x20,0x20,0x20,0x20,0x20,0x20,
  0x20,0x54,0x65,0x78,0x74,0x46,0x69,0x65,0x6c,0x64,0x20,0x7b,0x20,0x69,0x64,0x3a,
  0x20,0x69,0x3b,0x20,0x70,0x6c,0x61,0x63,0x65,0x68,0x6f,0x6c,0x64,0x65,0x72,0x54,
  0x65,0x78,0x74,0x3a,0x20,0x22,0x49,0x6e,0x74,0x65,0x72,0x65,0x73,0x74,0x20,0x25,
  0x22,0x20,0x7d,0xa,0x20,0x20,0x20,0x20,0x20,0x20,0x20,0x20,0x20,0x20,0x20,0x20,
  0x54,0x65,0x78,0x74,0x46,0x69,0x65,0x6c,0x64,0x20,0x7b,0x20,0x69,0x64,0x3a,0x20,
  0x64,0x3b,0x20,0x70,0x6c,0x61,0x63,0x65,0x68,0x6f,0x6c,0x64,0x65,0x72,0x54,0x65,
  0x78,0x74,0x3a,0x20,0x22,0x44,0x75,0x65,0x20,0x64,0x61,0x74,0x65,0x22,0x20,0x7d,
  0xa,0x20,0x20,0x20,0x20,0x20,0x20,0x20,0x20,0x20,0x20,0x20,0x20,0x42,0x75,0x74,
  0x74,0x6f,0x6e,0x20,0x7b,0x20,0x74,0x65,0x78,0x74,0x3a,0x20,0x22,0x41,0x64,0x64,
  0x22,0x3b,0x20,0x6f,0x6e,0x43,0x6c,0x69,0x63,0x6b,0x65,0x64,0x3a,0x20,0x7b,0xa,
  0x20,0x20,0x20,0x20,0x20,0x20,0x20,0x20,0x20,0x20,0x20,0x20,0x20,0x20,0x20,0x20,
  0x69,0x66,0x20,0x28,0x67,0x61,0x6d,0x65,0x43,0x6f,0x6e,0x74,0x72,0x6f,0x6c,0x6c,
  0x65,0x72,0x2e,0x61,0x64,0x64,0x4c,0x69,0x61,0x62,0x69,0x6c,0x69,0x74,0x79,0x28,
  0x6e,0x2e,0x74,0x65,0x78,0x74,0x2c,0x20,0x4e,0x75,0x6d,0x62,0x65,0x72,0x28,0x62,
  0x2e,0x74,0x65,0x78,0x74,0x29,0x2c,0x20,0x4e,0x75,0x6d,0x62,0x65,0x72,0x28,0x65,
  0x2e,0x74,0x65,0x78,0x74,0x29,0x2c,0x20,0x4e,0x75,0x6d,0x62,0x65,0x72,0x28,0x69,
  0x2e,0x74,0x65,0x78,0x74,0x29,0x2c,0x20,0x64,0x2e,0x74,0x65,0x78,0x74,0x29,0x29,
  0x20,0x7b,0xa,0x20,0x20,0x20,0x20,0x20,0x20,0x20,0x20,0x20,0x20,0x20,0x20,0x20,
  0x20,0x20,0x20,0x20,0x20,0x20,0x20,0x72,0x6f,0x77,0x73,0x20,0x3d,0x20,0x67,0x61,
  0x6d,0x65,0x43,0x6f,0x6e,0x74,0x72,0x6f,0x6c,0x6c,0x65,0x72,0x2e,0x6c,0x69,0x61,
  0x62,0x69,0x6c,0x69,0x74,0x79,0x52,0x6f,0x77,0x73,0x28,0x29,0xa,0x20,0x20,0x20,
  0x20,0x20,0x20,0x20,0x20,0x20,0x20,0x20,0x20,0x20,0x20,0x20,0x20,0x20,0x20,0x20,
  0x20,0x6e,0x2e,0x63,0x6c,0x65,0x61,0x72,0x28,0x29,0x3b,0x20,0x62,0x2e,0x63,0x6c,
  0x65,0x61,0x72,0x28,0x29,0x3b,0x20,0x65,0x2e,0x63,0x6c,0x65,0x61,0x72,0x28,0x29,
  0x3b,0x20,0x69,0x2e,0x63,0x6c,0x65,0x61,0x72,0x28,0x29,0x3b,0x20,0x64,0x2e,0x63,
  0x6c,0x65,0x61,0x72,0x28,0x29,0xa,0x20,0x20,0x20,0x20,0x20,0x20,0x20,0x20,0x20,
  0x20,0x20,0x20,0x20,0x20,0x20,0x20,0x7d,0xa,0x20,0x20,0x20,0x20,0x20,0x20,0x20,
  0x20,0x20,0x20,0x20,0x20,0x7d,0x7d,0xa,0x20,0x20,0x20,0x20,0x20,0x20,0x20,0x20,
  0x7d,0xa,0x20,0x20,0x20,0x20,0x20,0x20,0x20,0x20,0x4c,0x69,0x73,0x74,0x56,0x69,
  0x65,0x77,0x20,0x7b,0x20,0x4c,0x61,0x79,0x6f,0x75,0x74,0x2e,0x66,0x69,0x6c,0x6c,
  0x57,0x69,0x64,0x74,0x68,0x3a,0x20,0x74,0x72,0x75,0x65,0x3b,0x20,0x4c,0x61,0x79,
  0x6f,0x75,0x74,0x2e,0x66,0x69,0x6c,0x6c,0x48,0x65,0x69,0x67,0x68,0x74,0x3a,0x20,
  0x74,0x72,0x75,0x65,0x3b,0x20,0x6d,0x6f,0x64,0x65,0x6c,0x3a,0x20,0x72,0x6f,0x77,
  0x73,0xa,0x20,0x20,0x20,0x20,0x20,0x20,0x20,0x20,0x20,0x20,0x20,0x20,0x64,0x65,
  0x6c,0x65,0x67,0x61,0x74,0x65,0x3a,0x20,0x52,0x65,0x63,0x74,0x61,0x6e,0x67,0x6c,
  0x65,0x20,0x7b,0x20,0x77,0x69,0x64,0x74,0x68,0x3a,0x20,0x4c,0x69,0x73,0x74,0x56,
  0x69,0x65,0x77,0x2e,0x76,0x69,0x65,0x77,0x2e,0x77,0x69,0x64,0x74,0x68,0x3b,0x20,
  0x68,0x65,0x69,0x67,0x68,0x74,0x3a,0x20,0x35,0x32,0x3b,0x20,0x63,0x6f,0x6c,0x6f,
  0x72,0x3a,0x20,0x69,0x6e,0x64,0x65,0x78,0x20,0x25,0x20,0x32,0x20,0x3f,0x20,0x22,
  0x23,0x31,0x30,0x31,0x61,0x32,0x61,0x22,0x20,0x3a,0x20,0x22,0x23,0x31,0x34,0x32,
  0x30,0x33,0x33,0x22,0xa,0x20,0x20,0x20,0x20,0x20,0x20,0x20,0x20,0x20,0x20,0x20,
  0x20,0x20,0x20,0x20,0x20,0x52,0x6f,0x77,0x20,0x7b,0x20,0x61,0x6e,0x63,0x68,0x6f,
  0x72,0x73,0x2e,0x66,0x69,0x6c,0x6c,0x3a,0x20,0x70,0x61,0x72,0x65,0x6e,0x74,0x3b,
  0x20,0x61,0x6e,0x63,0x68,0x6f,0x72,0x73,0x2e,0x6d,0x61,0x72,0x67,0x69,0x6e,0x73,
  0x3a,0x20,0x31,0x32,0x3b,0x20,0x73,0x70,0x61,0x63,0x69,0x6e,0x67,0x3a,0x20,0x33,
  0x35,0xa,0x20,0x20,0x20,0x20,0x20,0x20,0x20,0x20,0x20,0x20,0x20,0x20,0x20,0x20,
  0x20,0x20,0x20,0x20,0x20,0x20,0x4c,0x61,0x62,0x65,0x6c,0x20,0x7b,0x20,0x74,0x65,
  0x78,0x74,0x3a,0x20,0x6e,0x61,0x6d,0x65,0x3b,0x20,0x63,0x6f,0x6c,0x6f,0x72,0x3a,
  0x20,0x22,0x77,0x68,0x69,0x74,0x65,0x22,0x3b,0x20,0x77,0x69,0x64,0x74,0x68,0x3a,
  0x20,0x31,0x39,0x30,0x20,0x7d,0xa,0x20,0x20,0x20,0x20,0x20,0x20,0x20,0x20,0x20,
  0x20,0x20,0x20,0x20,0x20,0x20,0x20,0x20,0x20,0x20,0x20,0x4c,0x61,0x62,0x65,0x6c,
  0x20,0x7b,0x20,0x74,0x65,0x78,0x74,0x3a,0x20,0x22,0xe2,0x82,0xb9,0x22,0x20,0x2b,
  0x20,0x4e,0x75,0x6d,0x62,0x65,0x72,0x28,0x62,0x61,0x6c,0x61,0x6e,0x63,0x65,0x29,
  0x2e,0x74,0x6f,0x4c,0x6f,0x63,0x61,0x6c,0x65,0x53,0x74,0x72,0x69,0x6e,0x67,0x28,
  0x51,0x74,0x2e,0x6c,0x6f,0x63,0x61,0x6c,0x65,0x28,0x22,0x65,0x6e,0x2d,0x49,0x4e,
  0x22,0x29,0x2c,0x20,0x22,0x66,0x22,0x2c,0x20,0x30,0x29,0x3b,0x20,0x63,0x6f,0x6c,
  0x6f,0x72,0x3a,0x20,0x22,0x77,0x68,0x69,0x74,0x65,0x22,0x3b,0x20,0x77,0x69,0x64,
  0x74,0x68,0x3a,0x20,0x31,0x35,0x30,0x20,0x7d,0xa,0x20,0x20,0x20,0x20,0x20,0x20,
  0x20,0x20,0x20,0x20,0x20,0x20,0x20,0x20,0x20,0x20,0x20,0x20,0x20,0x20,0x4c,0x61,
  0x62,0x65,0x6c,0x20,0x7b,0x20,0x74,0x65,0x78,0x74,0x3a,0x20,0x22,0x45,0x4d,0x49,
  0x20,0xe2,0x82,0xb9,0x22,0x20,0x2b,0x20,0x4e,0x75,0x6d,0x62,0x65,0x72,0x28,0x65,
  0x6d,0x69,0x29,0x2e,0x74,0x6f,0x4c,0x6f,0x63,0x61,0x6c,0x65,0x53,0x74,0x72,0x69,
  0x6e,0x67,0x28,0x51,0x74,0x2e,0x6c,0x6f,0x63,0x61,0x6c,0x65,0x28,0x22,0x65,0x6e,
  0x2d,0x49,0x4e,0x22,0x29,0x2c,0x20,0x22,0x66,0x22,0x2c,0x20,0x30,0x29,0x3b,0x20,
  0x63,0x6f,0x6c,0x6f,0x72,0x3a,0x20,0x22,0x23,0x39,0x66,0x62,0x30,0x63,0x38,0x22,
  0x3b,0x20,0x77,0x69,0x64,0x74,0x68,0x3a,0x20,0x31,0x35,0x30,0x20,0x7d,0xa,0x20,
  0x20,0x20,0x20,0x20,0x20,0x20,0x20,0x20,0x20,0x20,0x20,0x20,0x20,0x20,0x20,0x20,
  0x20,0x20,0x20,0x4c,0x61,0x62,0x65,0x6c,0x20,0x7b,0x20,0x74,0x65,0x78,0x74,0x3a,
  0x20,0x4e,0x75,0x6d,0x62,0x65,0x72,0x28,0x69,0x6e,0x74,0x65,0x72,0x65,0x73,0x74,
  0x29,0x2e,0x74,0x6f,0x46,0x69,0x78,0x65,0x64,0x28,0x32,0x29,0x20,0x2b,0x20,0x22,
  0x25,0x22,0x3b,0x20,0x63,0x6f,0x6c,0x6f,0x72,0x3a,0x20,0x22,0x23,0x39,0x66,0x62,
  0x30,0x63,0x38,0x22,0x3b,0x20,0x77,0x69,0x64,0x74,0x68,0x3a,0x20,0x31,0x30,0x30,
  0x20,0x7d,0xa,0x20,0x20,0x20,0x20,0x20,0x20,0x20,0x20,0x20,0x20,0x20,0x20,0x20,
  0x20,0x20,0x20,0x20,0x20,0x20,0x20,0x4c,0x61,0x62,0x65,0x6c,0x20,0x7b,0x20,0x74,
  0x65,0x78,0x74,0x3a,0x20,0x64,0x75,0x65,0x44,0x61,0x74,0x65,0x3b,0x20,0x63,0x6f,
  0x6c,0x6f,0x72,0x3a,0x20,0x22,0x23,0x38,0x32,0x39,0x34,0x61,0x65,0x22,0x20,0x7d,
  0xa,0x20,0x20,0x20,0x20,0x20,0x20,0x20,0x20,0x20,0x20,0x20,0x20,0x20,0x20,0x20,
  0x20,0x7d,0xa,0x20,0x20,0x20,0x20,0x20,0x20,0x20,0x20,0x20,0x20,0x20,0x20,0x7d,
  0xa,0x20,0x20,0x20,0x20,0x20,0x20,0x20,0x20,0x7d,0xa,0x20,0x20,0x20,0x20,0x7d,
  0xa,0x7d,0xa,
    // GoalsPage.qml
  0x0,0x0,0x7,0x19,
  0x69,
  0x6d,0x70,0x6f,0x72,0x74,0x20,0x51,0x74,0x51,0x75,0x69,0x63,0x6b,0xa,0x69,0x6d,
  0x70,0x6f,0x72,0x74,0x20,0x51,0x74,0x51,0x75,0x69,0x63,0x6b,0x2e,0x43,0x6f,0x6e,
  0x74,0x72,0x6f,0x6c,0x73,0xa,0x69,0x6d,0x70,0x6f,0x72,0x74,0x20,0x51,0x74,0x51,
  0x75,0x69,0x63,0x6b,0x2e,0x4c,0x61,0x79,0x6f,0x75,0x74,0x73,0xa,0x69,0x6d,0x70,
  0x6f,0x72,0x74,0x20,0x50,0x65,0x72,0x73,0x6f,0x6e,0x61,0x6c,0x43,0x61,0x73,0x68,
  0x66,0x6c,0x6f,0x77,0x47,0x61,0x6d,0x65,0xa,0x50,0x61,0x67,0x65,0x20,0x7b,0xa,
  0x20,0x20,0x20,0x20,0x62,0x61,0x63,0x6b,0x67,0x72,0x6f,0x75,0x6e,0x64,0x3a,0x20,
  0x52,0x65,0x63,0x74,0x61,0x6e,0x67,0x6c,0x65,0x7b,0x63,0x6f,0x6c,0x6f,0x72,0x3a,
  0x22,0x23,0x30,0x62,0x31,0x32,0x32,0x30,0x22,0x7d,0xa,0x20,0x20,0x20,0x20,0x70,
  0x72,0x6f,0x70,0x65,0x72,0x74,0x79,0x20,0x76,0x61,0x72,0x20,0x72,0x6f,0x77,0x73,
  0x3a,0x20,0x67,0x61,0x6d,0x65,0x43,0x6f,0x6e,0x74,0x72,0x6f,0x6c,0x6c,0x65,0x72,
  0x2e,0x67,0x6f,0x61,0x6c,0x52,0x6f,0x77,0x73,0x28,0x29,0xa,0x20,0x20,0x20,0x20,
  0x43,0x6f,0x6e,0x6e,0x65,0x63,0x74,0x69,0x6f,0x6e,0x73,0x20,0x7b,0x20,0x74,0x61,
  0x72,0x67,0x65,0x74,0x3a,0x20,0x64,0x61,0x74,0x61,0x62,0x61,0x73,0x65,0x3b,0x20,
  0x66,0x75,0x6e,0x63,0x74,0x69,0x6f,0x6e,0x20,0x6f,0x6e,0x44,0x61,0x74,0x61,0x43,
  0x68,0x61,0x6e,0x67,0x65,0x64,0x28,0x29,0x20,0x7b,0x20,0x72,0x6f,0x77,0x73,0x20,
  0x3d,0x20,0x67,0x61,0x6d,0x65,0x43,0x6f,0x6e,0x74,0x72,0x6f,0x6c,0x6c,0x65,0x72,
  0x2e,0x67,0x6f,0x61,0x6c,0x52,0x6f,0x77,0x73,0x28,0x29,0x20,0x7d,0x20,0x7d,0xa,
  0x20,0x20,0x20,0x20,0x43,0x6f,0x6c,0x75,0x6d,0x6e,0x4c,0x61,0x79,0x6f,0x75,0x74,
  0x20,0x7b,0x20,0x61,0x6e,0x63,0x68,0x6f,0x72,0x73,0x2e,0x66,0x69,0x6c,0x6c,0x3a,
  0x20,0x70,0x61,0x72,0x65,0x6e,0x74,0x3b,0x20,0x61,0x6e,0x63,0x68,0x6f,0x72,0x73,
  0x2e,0x6d,0x61,0x72,0x67,0x69,0x6e,0x73,0x3a,0x20,0x33,0x30,0xa,0x20,0x20,0x20,
  0x20,0x20,0x20,0x20,0x20,0x53,0x65,0x63,0x74,0x69,0x6f,0x6e,0x54,0x69,0x74,0x6c,
  0x65,0x20,0x7b,0x20,0x74,0x69,0x74,0x6c,0x65,0x3a,0x20,0x22,0x47,0x6f,0x61,0x6c,
  0x20,0x50,0x6c,0x61,0x6e,0x6e,0x65,0x72,0x22,0x20,0x7d,0xa,0x20,0x20,0x20,0x20,
  0x20,0x20,0x20,0x20,0x52,0x6f,0x77,0x4c,0x61,0x79,0x6f,0x75,0x74,0x20,0x7b,0x20,
  0x4c,0x61,0x79,0x6f,0x75,0x74,0x2e,0x66,0x69,0x6c,0x6c,0x57,0x69,0x64,0x74,0x68,
  0x3a,0x20,0x74,0x72,0x75,0x65,0xa,0x20,0x20,0x20,0x20,0x20,0x20,0x20,0x20,0x20,
  0x20,0x20,0x20,0x54,0x65,0x78,0x74,0x46,0x69,0x65,0x6c,0x64,0x20,0x7b,0x20,0x69,
  0x64,0x3a,0x20,0x6e,0x3b,0x20,0x70,0x6c,0x61,0x63,0x65,0x68,0x6f,0x6c,0x64,0x65,
  0x72,0x54,0x65,0x78,0x74,0x3a,0x20,0x22,0x47,0x6f,0x61,0x6c,0x22,0x20,0x7d,0xa,
  0x20,0x20,0x20,0x20,0x20,0x20,0x20,0x20,0x20,0x20,0x20,0x20,0x54,0x65,0x78,0x74,
  0x46,0x69,0x65,0x6c,0x64,0x20,0x7b,0x20,0x69,0x64,0x3a,0x20,0x74,0x3b,0x20,0x70,
  0x6c,0x61,0x63,0x65,0x68,0x6f,0x6c,0x64,0x65,0x72,0x54,0x65,0x78,0x74,0x3a,0x20,
  0x22,0x54,0x61,0x72,0x67,0x65,0x74,0x20,0x61,0x6d,0x6f,0x75,0x6e,0x74,0x22,0x20,
  0x7d,0xa,0x20,0x20,0x20,0x20,0x20,0x20,0x20,0x20,0x20,0x20,0x20,0x20,0x54,0x65,
  0x78,0x74,0x46,0x69,0x65,0x6c,0x64,0x20,0x7b,0x20,0x69,0x64,0x3a,0x20,0x73,0x3b,
  0x20,0x70,0x6c,0x61,0x63,0x65,0x68,0x6f,0x6c,0x64,0x65,0x72,0x54,0x65,0x78,0x74,
  0x3a,0x20,0x22,0x43,0x75,0x72,0x72,0x65,0x6e,0x74,0x20,0x73,0x61,0x76,0x69,0x6e,
  0x67,0x73,0x22,0x20,0x7d,0xa,0x20,0x20,0x20,0x20,0x20,0x20,0x20,0x20,0x20,0x20,
  0x20,0x20,0x54,0x65,0x78,0x74,0x46,0x69,0x65,0x6c,0x64,0x20,0x7b,0x20,0x69,0x64,
  0x3a,0x20,0x64,0x3b,0x20,0x70,0x6c,0x61,0x63,0x65,0x68,0x6f,0x6c,0x64,0x65,0x72,
  0x54,0x65,0x78,0x74,0x3a,0x20,0x22,0x54,0x61,0x72,0x67,0x65,0x74,0x20,0x64,0x61,
  0x74,0x65,0x22,0x20,0x7d,0xa,0x20,0x20,0x20,0x20,0x20,0x20,0x20,0x20,0x20,0x20,
  0x20,0x20,0x42,0x75,0x74,0x74,0x6f,0x6e,0x20,0x7b,0x20,0x74,0x65,0x78,0x74,0x3a,
  0x20,0x22,0x41,0x64,0x64,0x22,0x3b,0x20,0x6f,0x6e,0x43,0x6c,0x69,0x63,0x6b,0x65,
  0x64,0x3a,0x20,0x7b,0xa,0x20,0x20,0x20,0x20,0x20,0x20,0x20,0x20,0x20,0x20,0x20,
  0x20,0x20,0x20,0x20,0x20,0x69,0x66,0x20,0x28,0x67,0x61,0x6d,0x65,0x43,0x6f,0x6e,
  0x74,0x72,0x6f,0x6c,0x6c,0x65,0x72,0x2e,0x61,0x64,0x64,0x47,0x6f,0x61,0x6c,0x28,
  0x6e,0x2e,0x74,0x65,0x78,0x74,0x2c,0x20,0x4e,0x75,0x6d,0x62,0x65,0x72,0x28,0x74,
  0x2e,0x74,0x65,0x78,0x74,0x29,0x2c,0x20,0x4e,0x75,0x6d,0x62,0x65,0x72,0x28,0x73,
  0x2e,0x74,0x65,0x78,0x74,0x29,0x2c,0x20,0x64,0x2e,0x74,0x65,0x78,0x74,0x2c,0x20,
  0x22,0x22,0x29,0x29,0x20,0x7b,0xa,0x20,0x20,0x20,0x20,0x20,0x20,0x20,0x20,0x20,
  0x20,0x20,0x20,0x20,0x20,0x20,0x20,0x20,0x20,0x20,0x20,0x72,0x6f,0x77,0x73,0x20,
  0x3d,0x20,0x67,0x61,0x6d,0x65,0x43,0x6f,0x6e,0x74,0x72,0x6f,0x6c,0x6c,0x65,0x72,
  0x2e,0x67,0x6f,0x61,0x6c,0x52,0x6f,0x77,0x73,0x28,0x29,0xa,0x20,0x20,0x20,0x20,
  0x20,0x20,0x20,0x20,0x20,0x20,0x20,0x20,0x20,0x20,0x20,0x20,0x20,0x20,0x20,0x20,
  0x6e,0x2e,0x63,0x6c,0x65,0x61,0x72,0x28,0x29,0x3b,0x20,0x74,0x2e,0x63,0x6c,0x65,
  0x61,0x72,0x28,0x29,0x3b,0x20,0x73,0x2e,0x63,0x6c,0x65,0x61,0x72,0x28,0x29,0x3b,
  0x20,0x64,0x2e,0x63,0x6c,0x65,0x61,0x72,0x28,0x29,0xa,0x20,0x20,0x20,0x20,0x20,
  0x20,0x20,0x20,0x20,0x20,0x20,0x20,0x20,0x20,0x20,0x20,0x7d,0xa,0x20,0x20,0x20,
  0x20,0x20,0x20,0x20,0x20,0x20,0x20,0x20,0x20,0x7d,0x7d,0xa,0x20,0x20,0x20,0x20,
  0x20,0x20,0x20,0x20,0x7d,0xa,0x20,0x20,0x20,0x20,0x20,0x20,0x20,0x20,0x4c,0x69,
  0x73,0x74,0x56,0x69,0x65,0x77,0x20,0x7b,0x20,0x4c,0x61,0x79,0x6f,0x75,0x74,0x2e,
  0x66,0x69,0x6c,0x6c,0x57,0x69,0x64,0x74,0x68,0x3a,0x20,0x74,0x72,0x75,0x65,0x3b,
  0x20,0x4c,0x61,0x79,0x6f,0x75,0x74,0x2e,0x66,0x69,0x6c,0x6c,0x48,0x65,0x69,0x67,
  0x68,0x74,0x3a,0x20,0x74,0x72,0x75,0x65,0x3b,0x20,0x6d,0x6f,0x64,0x65,0x6c,0x3a,
  0x20,0x72,0x6f,0x77,0x73,0xa,0x20,0x20,0x20,0x20,0x20,0x20,0x20,0x20,0x20,0x20,
  0x20,0x20,0x64,0x65,0x6c,0x65,0x67,0x61,0x74,0x65,0x3a,0x20,0x52,0x65,0x63,0x74,
  0x61,0x6e,0x67,0x6c,0x65,0x20,0x7b,0x20,0x77,0x69,0x64,0x74,0x68,0x3a,0x20,0x4c,
  0x69,0x73,0x74,0x56,0x69,0x65,0x77,0x2e,0x76,0x69,0x65,0x77,0x2e,0x77,0x69,0x64,
  0x74,0x68,0x3b,0x20,0x68,0x65,0x69,0x67,0x68,0x74,0x3a,0x20,0x37,0x36,0x3b,0x20,
  0x63,0x6f,0x6c,0x6f,0x72,0x3a,0x20,0x69,0x6e,0x64,0x65,0x78,0x20,0x25,0x20,0x32,
  0x20,0x3f,0x20,0x22,0x23,0x31,0x30,0x31,0x61,0x32,0x61,0x22,0x20,0x3a,0x20,0x22,
  0x23,0x31,0x34,0x32,0x30,0x33,0x33,0x22,0xa,0x20,0x20,0x20,0x20,0x20,0x20,0x20,
  0x20,0x20,0x20,0x20,0x20,0x20,0x20,0x20,0x20,0x43,0x6f,0x6c,0x75,0x6d,0x6e,0x20,
  0x7b,0x20,0x61,0x6e,0x63,0x68,0x6f,0x72,0x73,0x2e,0x66,0x69,0x6c,0x6c,0x3a,0x20,
  0x70,0x61,0x72,0x65,0x6e,0x74,0x3b,0x20,0x61,0x6e,0x63,0x68,0x6f,0x72,0x73,0x2e,
  0x6d,0x61,0x72,0x67,0x69,0x6e,0x73,0x3a,0x20,0x31,0x32,0x3b,0x20,0x73,0x70,0x61,
  0x63,0x69,0x6e,0x67,0x3a,0x20,0x37,0xa,0x20,0x20,0x20,0x20,0x20,0x20,0x20,0x20,
  0x20,0x20,0x20,0x20,0x20,0x20,0x20,0x20,0x20,0x20,0x20,0x20,0x52,0x6f,0x77,0x20,
  0x7b,0x20,0x73,0x70,0x61,0x63,0x69,0x6e,0x67,0x3a,0x20,0x33,0x35,0xa,0x20,0x20,
  0x20,0x20,0x20,0x20,0x20,0x20,0x20,0x20,0x20,0x20,0x20,0x20,0x20,0x20,0x20,0x20,
  0x20,0x20,0x20,0x20,0x20,0x20,0x4c,0x61,0x62,0x65,0x6c,0x20,0x7b,0x20,0x74,0x65,
  0x78,0x74,0x3a,0x20,0x6e,0x61,0x6d,0x65,0x3b,0x20,0x63,0x6f,0x6c,0x6f,0x72,0x3a,
  0x20,0x22,0x77,0x68,0x69,0x74,0x65,0x22,0x3b,0x20,0x77,0x69,0x64,0x74,0x68,0x3a,
  0x20,0x32,0x32,0x30,0x20,0x7d,0xa,0x20,0x20,0x20,0x20,0x20,0x20,0x20,0x20,0x20,
  0x20,0x20,0x20,0x20,0x20,0x20,0x20,0x20,0x20,0x20,0x20,0x20,0x20,0x20,0x20,0x4c,
  0x61,0x62,0x65,0x6c,0x20,0x7b,0x20,0x74,0x65,0x78,0x74,0x3a,0x20,0x22,0xe2,0x82,
  0xb9,0x22,0x20,0x2b,0x20,0x4e,0x75,0x6d,0x62,0x65,0x72,0x28,0x73,0x61,0x76,0x65,
  0x64,0x29,0x2e,0x74,0x6f,0x4c,0x6f,0x63,0x61,0x6c,0x65,0x53,0x74,0x72,0x69,0x6e,
  0x67,0x28,0x51,0x74,0x2e,0x6c,0x6f,0x63,0x61,0x6c,0x65,0x28,0x22,0x65,0x6e,0x2d,
  0x49,0x4e,0x22,0x29,0x2c,0x20,0x22,0x66,0x22,0x2c,0x20,0x30,0x29,0x20,0x2b,0x20,
  0x22,0x20,0x2f,0x20,0xe2,0x82,0xb9,0x22,0x20,0x2b,0x20,0x4e,0x75,0x6d,0x62,0x65,
  0x72,0x28,0x74,0x61,0x72,0x67,0x65,0x74,0x29,0x2e,0x74,0x6f,0x4c,0x6f,0x63,0x61,
  0x6c,0x65,0x53,0x74,0x72,0x69,0x6e,0x67,0x28,0x51,0x74,0x2e,0x6c,0x6f,0x63,0x61,
  0x6c,0x65,0x28,0x22,0x65,0x6e,0x2d,0x49,0x4e,0x22,0x29,0x2c,0x20,0x22,0x66,0x22,
  0x2c,0x20,0x30,0x29,0x3b,0x20,0x63,0x6f,0x6c,0x6f,0x72,0x3a,0x20,0x22,0x23,0x39,
  0x66,0x62,0x30,0x63,0x38,0x22,0x3b,0x20,0x77,0x69,0x64,0x74,0x68,0x3a,0x20,0x32,
  0x33,0x30,0x20,0x7d,0xa,0x20,0x20,0x20,0x20,0x20,0x20,0x20,0x20,0x20,0x20,0x20,
  0x20,0x20,0x20,0x20,0x20,0x20,0x20,0x20,0x20,0x20,0x20,0x20,0x20,0x4c,0x61,0x62,
  0x65,0x6c,0x20,0x7b,0x20,0x74,0x65,0x78,0x74,0x3a,0x20,0x74,0x61,0x72,0x67,0x65,
  0x74,0x44,0x61,0x74,0x65,0x3b,0x20,0x63,0x6f,0x6c,0x6f,0x72,0x3a,0x20,0x22,0x23,
  0x38,0x34,0x39,0x35,0x61,0x66,0x22,0x20,0x7d,0xa,0x20,0x20,0x20,0x20,0x20,0x20,
  0x20,0x20,0x20,0x20,0x20,0x20,0x20,0x20,0x20,0x20,0x20,0x20,0x20,0x20,0x7d,0xa,
  0x20,0x20,0x20,0x20,0x20,0x20,0x20,0x20,0x20,0x20,0x20,0x20,0x20,0x20,0x20,0x20,
  0x20,0x20,0x20,0x20,0x50,0x72,0x6f,0x67,0x72,0x65,0x73,0x73,0x42,0x61,0x72,0x20,
  0x7b,0x20,0x77,0x69,0x64,0x74,0x68,0x3a,0x20,0x70,0x61,0x72,0x65,0x6e,0x74,0x2e,
  0x77,0x69,0x64,0x74,0x68,0x3b,0x20,0x76,0x61,0x6c,0x75,0x65,0x3a,0x20,0x4d,0x61,
  0x74,0x68,0x2e,0x6d,0x69,0x6e,0x28,0x70,0x72,0x6f,0x67,0x72,0x65,0x73,0x73,0x2c,
  0x20,0x31,0x29,0x20,0x7d,0xa,0x20,0x20,0x20,0x20,0x20,0x20,0x20,0x20,0x20,0x20,
  0x20,0x20,0x20,0x20,0x20,0x20,0x7d,0xa,0x20,0x20,0x20,0x20,0x20,0x20,0x20,0x20,
  0x20,0x20,0x20,0x20,0x7d,0xa,0x20,0x20,0x20,0x20,0x20,0x20,0x20,0x20,0x7d,0xa,
  0x20,0x20,0x20,0x20,0x7d,0xa,0x7d,0xa,
    // ExpensesPage.qml
  0x0,0x0,0x7,0x3d,
  0x69,
  0x6d,0x70,0x6f,0x72,0x74,0x20,0x51,0x74,0x51,0x75,0x69,0x63,0x6b,0xa,0x69,0x6d,
  0x70,0x6f,0x72,0x74,0x20,0x51,0x74,0x51,0x75,0x69,0x63,0x6b,0x2e,0x43,0x6f,0x6e,
  0x74,0x72,0x6f,0x6c,0x73,0xa,0x69,0x6d,0x70,0x6f,0x72,0x74,0x20,0x51,0x74,0x51,
  0x75,0x69,0x63,0x6b,0x2e,0x4c,0x61,0x79,0x6f,0x75,0x74,0x73,0xa,0x69,0x6d,0x70,
  0x6f,0x72,0x74,0x20,0x50,0x65,0x72,0x73,0x6f,0x6e,0x61,0x6c,0x43,0x61,0x73,0x68,
  0x66,0x6c,0x6f,0x77,0x47,0x61,0x6d,0x65,0xa,0x50,0x61,0x67,0x65,0x20,0x7b,0xa,
  0x20,0x20,0x20,0x20,0x62,0x61,0x63,0x6b,0x67,0x72,0x6f,0x75,0x6e,0x64,0x3a,0x20,
  0x52,0x65,0x63,0x74,0x61,0x6e,0x67,0x6c,0x65,0x20,0x7b,0x20,0x63,0x6f,0x6c,0x6f,
  0x72,0x3a,0x20,0x22,0x23,0x30,0x62,0x31,0x32,0x32,0x30,0x22,0x20,0x7d,0xa,0x20,
  0x20,0x20,0x20,0x70,0x72,0x6f,0x70,0x65,0x72,0x74,0x79,0x20,0x76,0x61,0x72,0x20,
  0x72,0x6f,0x77,0x73,0x3a,0x20,0x67,0x61,0x6d,0x65,0x43,0x6f,0x6e,0x74,0x72,0x6f,
  0x6c,0x6c,0x65,0x72,0x2e,0x65,0x78,0x70,0x65,0x6e,0x73,0x65,0x52,0x6f,0x77,0x73,
  0x28,0x29,0xa,0x20,0x20,0x20,0x20,0x43,0x6f,0x6e,0x6e,0x65,0x63,0x74,0x69,0x6f,
  0x6e,0x73,0x20,0x7b,0x20,0x74,0x61,0x72,0x67,0x65,0x74,0x3a,0x20,0x64,0x61,0x74,
  0x61,0x62,0x61,0x73,0x65,0x3b,0x20,0x66,0x75,0x6e,0x63,0x74,0x69,0x6f,0x6e,0x20,
  0x6f,0x6e,0x44,0x61,0x74,0x61,0x43,0x68,0x61,0x6e,0x67,0x65,0x64,0x28,0x29,0x20,
  0x7b,0x20,0x72,0x6f,0x77,0x73,0x20,0x3d,0x20,0x67,0x61,0x6d,0x65,0x43,0x6f,0x6e,
  0x74,0x72,0x6f,0x6c,0x6c,0x65,0x72,0x2e,0x65,0x78,0x70,0x65,0x6e,0x73,0x65,0x52,
  0x6f,0x77,0x73,0x28,0x29,0x20,0x7d,0x20,0x7d,0xa,0x20,0x20,0x20,0x20,0x43,0x6f,
  0x6c,0x75,0x6d,0x6e,0x4c,0x61,0x79,0x6f,0x75,0x74,0x20,0x7b,0x20,0x61,0x6e,0x63,
  0x68,0x6f,0x72,0x73,0x2e,0x66,0x69,0x6c,0x6c,0x3a,0x20,0x70,0x61,0x72,0x65,0x6e,
  0x74,0x3b,0x20,0x61,0x6e,0x63,0x68,0x6f,0x72,0x73,0x2e,0x6d,0x61,0x72,0x67,0x69,
  0x6e,0x73,0x3a,0x20,0x33,0x30,0xa,0x20,0x20,0x20,0x20,0x20,0x20,0x20,0x20,0x53,
  0x65,0x63,0x74,0x69,0x6f,0x6e,0x54,0x69,0x74,0x6c,0x65,0x20,0x7b,0x20,0x74,0x69,
  0x74,0x6c,0x65,0x3a,0x20,0x22,0x45,0x78,0x70,0x65,0x6e,0x73,0x65,0x20,0x54,0x72,
  0x61,0x63,0x6b,0x65,0x72,0x22,0x20,0x7d,0xa,0x20,0x20,0x20,0x20,0x20,0x20,0x20,
  0x20,0x4c,0x61,0x62,0x65,0x6c,0x20,0x7b,0x20,0x74,0x65,0x78,0x74,0x3a,0x20,0x22,
  0x41,0x63,0x74,0x75,0x61,0x6c,0x20,0x65,0x78,0x70,0x65,0x6e,0x73,0x65,0x73,0x3a,
  0x20,0xe2,0x82,0xb9,0x22,0x20,0x2b,0x20,0x4e,0x75,0x6d,0x62,0x65,0x72,0x28,0x66,
  0x69,0x6e,0x61,0x6e,0x63,0x65,0x2e,0x74,0x6f,0x74,0x61,0x6c,0x45,0x78,0x70,0x65,
  0x6e,0x73,0x65,0x73,0x29,0x2e,0x74,0x6f,0x4c,0x6f,0x63,0x61,0x6c,0x65,0x53,0x74,
  0x72,0x69,0x6e,0x67,0x28,0x51,0x74,0x2e,0x6c,0x6f,0x63,0x61,0x6c,0x65,0x28,0x22,
  0x65,0x6e,0x2d,0x49,0x4e,0x22,0x29,0x2c,0x20,0x22,0x66,0x22,0x2c,0x20,0x30,0x29,
  0x3b,0x20,0x63,0x6f,0x6c,0x6f,0x72,0x3a,0x20,0x22,0x23,0x39,0x66,0x62,0x30,0x63,
  0x38,0x22,0x20,0x7d,0xa,0x20,0x20,0x20,0x20,0x20,0x20,0x20,0x20,0x52,0x6f,0x77,
  0x4c,0x61,0x79,0x6f,0x75,0x74,0x20,0x7b,0x20,0x4c,0x61,0x79,0x6f,0x75,0x74,0x2e,
  0x66,0x69,0x6c,0x6c,0x57,0x69,0x64,0x74,0x68,0x3a,0x20,0x74,0x72,0x75,0x65,0xa,
  0x20,0x20,0x20,0x20,0x20,0x20,0x20,0x20,0x20,0x20,0x20,0x20,0x54,0x65,0x78,0x74,
  0x46,0x69,0x65,0x6c,0x64,0x20,0x7b,0x20,0x69,0x64,0x3a,0x20,0x63,0x3b,0x20,0x70,
  0x6c,0x61,0x63,0x65,0x68,0x6f,0x6c,0x64,0x65,0x72,0x54,0x65,0x78,0x74,0x3a,0x20,
  0x22,0x43,0x61,0x74,0x65,0x67,0x6f,0x72,0x79,0x22,0x20,0x7d,0xa,0x20,0x20,0x20,
  0x20,0x20,0x20,0x20,0x20,0x20,0x20,0x20,0x20,0x54,0x65,0x78,0x74,0x46,0x69,0x65,
  0x6c,0x64,0x20,0x7b,0x20,0x69,0x64,0x3a,0x20,0x62,0x3b,0x20,0x70,0x6c,0x61,0x63,
  0x65,0x68,0x6f,0x6c,0x64,0x65,0x72,0x54,0x65,0x78,0x74,0x3a,0x20,0x22,0x42,0x75,
  0x64,0x67,0x65,0x74,0x22,0x20,0x7d,0xa,0x20,0x20,0x20,0x20,0x20,0x20,0x20,0x20,
  0x20,0x20,0x20,0x20,0x54,0x65,0x78,0x74,0x46,0x69,0x65,0x6c,0x64,0x20,0x7b,0x20,
  0x69,0x64,0x3a,0x20,0x61,0x3b,0x20,0x70,0x6c,0x61,0x63,0x65,0x68,0x6f,0x6c,0x64,
  0x65,0x72,0x54,0x65,0x78,0x74,0x3a,0x20,0x22,0x41,0x63,0x74,0x75,0x61,0x6c,0x22,
  0x20,0x7d,0xa,0x20,0x20,0x20,0x20,0x20,0x20,0x20,0x20,0x20,0x20,0x20,0x20,0x54,
  0x65,0x78,0x74,0x46,0x69,0x65,0x6c,0x64,0x20,0x7b,0x20,0x69,0x64,0x3a,0x20,0x6e,
  0x3b,0x20,0x70,0x6c,0x61,0x63,0x65,0x68,0x6f,0x6c,0x64,0x65,0x72,0x54,0x65,0x78,
  0x74,0x3a,0x20,0x22,0x4e,0x6f,0x74,0x65,0x73,0x22,0x20,0x7d,0xa,0x20,0x20,0x20,
  0x20,0x20,0x20,0x20,0x20,0x20,0x20,0x20,0x20,0x42,0x75,0x74,0x74,0x6f,0x6e,0x20,
  0x7b,0x20,0x74,0x65,0x78,0x74,0x3a,0x20,0x22,0x41,0x64,0x64,0x22,0x3b,0x20,0x6f,
  0x6e,0x43,0x6c,0x69,0x63,0x6b,0x65,0x64,0x3a,0x20,0x7b,0xa,0x20,0x20,0x20,0x20,
  0x20,0x20,0x20,0x20,0x20,0x20,0x20,0x20,0x20,0x20,0x20,0x20,0x69,0x66,0x20,0x28,
  0x67,0x61,0x6d,0x65,0x43,0x6f,0x6e,0x74,0x72,0x6f,0x6c,0x6c,0x65,0x72,0x2e,0x61,
  0x64,0x64,0x45,0x78,0x70,0x65,0x6e,0x73,0x65,0x28,0x63,0x2e,0x74,0x65,0x78,0x74,
  0x2c,0x20,0x4e,0x75,0x6d,0x62,0x65,0x72,0x28,0x62,0x2e,0x74,0x65,0x78,0x74,0x29,
  0x2c,0x20,0x4e,0x75,0x6d,0x62,0x65,0x72,0x28,0x61,0x2e,0x74,0x65,0x78,0x74,0x29,
  0x2c,0x20,0x6e,0x2e,0x74,0x65,0x78,0x74,0x29,0x29,0x20,0x7b,0xa,0x20,0x20,0x20,
  0x20,0x20,0x20,0x20,0x20,0x20,0x20,0x20,0x20,0x20,0x20,0x20,0x20,0x20,0x20,0x20,
  0x20,0x63,0x2e,0x63,0x6c,0x65,0x61,0x72,0x28,0x29,0x3b,0x20,0x62,0x2e,0x63,0x6c,
  0x65,0x61,0x72,0x28,0x29,0x3b,0x20,0x61,0x2e,0x63,0x6c,0x65,0x61,0x72,0x28,0x29,
  0x3b,0x20,0x6e,0x2e,0x63,0x6c,0x65,0x61,0x72,0x28,0x29,0xa,0x20,0x20,0x20,0x20,
  0x20,0x20,0x20,0x20,0x20,0x20,0x20,0x20,0x20,0x20,0x20,0x20,0x20,0x20,0x20,0x20,
  0x72,0x6f,0x77,0x73,0x20,0x3d,0x20,0x67,0x61,0x6d,0x65,0x43,0x6f,0x6e,0x74,0x72,
  0x6f,0x6c,0x6c,0x65,0x72,0x2e,0x65,0x78,0x70,0x65,0x6e,0x73,0x65,0x52,0x6f,0x77,
  0x73,0x28,0x29,0xa,0x20,0x20,0x20,0x20,0x20,0x20,0x20,0x20,0x20,0x20,0x20,0x20,
  0x20,0x20,0x20,0x20,0x7d,0xa,0x20,0x20,0x20,0x20,0x20,0x20,0x20,0x20,0x20,0x20,
  0x20,0x20,0x7d,0x7d,0xa,0x20,0x20,0x20,0x20,0x20,0x20,0x20,0x20,0x7d,0xa,0x20,
  0x20,0x20,0x20,0x20,0x20,0x20,0x20,0x4c,0x69,0x73,0x74,0x56,0x69,0x65,0x77,0x20,
  0x7b,0x20,0x4c,0x61,0x79,0x6f,0x75,0x74,0x2e,0x66,0x69,0x6c,0x6c,0x57,0x69,0x64,
  0x74,0x68,0x3a,0x20,0x74,0x72,0x75,0x65,0x3b,0x20,0x4c,0x61,0x79,0x6f,0x75,0x74,
  0x2e,0x66,0x69,0x6c,0x6c,0x48,0x65,0x69,0x67,0x68,0x74,0x3a,0x20,0x74,0x72,0x75,
  0x65,0x3b,0x20,0x6d,0x6f,0x64,0x65,0x6c,0x3a,0x20,0x72,0x6f,0x77,0x73,0xa,0x20,
  0x20,0x20,0x20,0x20,0x20,0x20,0x20,0x20,0x20,0x20,0x20,0x64,0x65,0x6c,0x65,0x67,
  0x61,0x74,0x65,0x3a,0x20,0x52,0x65,0x63,0x74,0x61,0x6e,0x67,0x6c,0x65,0x20,0x7b,
  0x20,0x77,0x69,0x64,0x74,0x68,0x3a,0x20,0x4c,0x69,0x73,0x74,0x56,0x69,0x65,0x77,
  0x2e,0x76,0x69,0x65,0x77,0x2e,0x77,0x69,0x64,0x74,0x68,0x3b,0x20,0x68,0x65,0x69,
  0x67,0x68,0x74,0x3a,0x20,0x35,0x32,0x3b,0x20,0x63,0x6f,0x6c,0x6f,0x72,0x3a,0x20,
  0x69,0x6e,0x64,0x65,0x78,0x20,0x25,0x20,0x32,0x20,0x3f,0x20,0x22,0x23,0x31,0x30,
  0x31,0x61,0x32,0x61,0x22,0x20,0x3a,0x20,0x22,0x23,0x31,0x34,0x32,0x30,0x33,0x33,
  0x22,0xa,0x20,0x20,0x20,0x20,0x20,0x20,0x20,0x20,0x20,0x20,0x20,0x20,0x20,0x20,
  0x20,0x20,0x52,0x6f,0x77,0x20,0x7b,0x20,0x61,0x6e,0x63,0x68,0x6f,0x72,0x73,0x2e,
  0x66,0x69,0x6c,0x6c,0x3a,0x20,0x70,0x61,0x72,0x65,0x6e,0x74,0x3b,0x20,0x61,0x6e,
  0x63,0x68,0x6f,0x72,0x73,0x2e,0x6d,0x61,0x72,0x67,0x69,0x6e,0x73,0x3a,0x20,0x31,
  0x32,0x3b,0x20,0x73,0x70,0x61,0x63,0x69,0x6e,0x67,0x3a,0x20,0x34,0x35,0xa,0x20,
  0x20,0x20,0x20,0x20,0x20,0x20,0x20,0x20,0x20,0x20,0x20,0x20,0x20,0x20,0x20,0x20,
  0x20,0x20,0x20,0x4c,0x61,0x62,0x65,0x6c,0x20,0x7b,0x20,0x74,0x65,0x78,0x74,0x3a,
  0x20,0x63,0x61,0x74,0x65,0x67,0x6f,0x72,0x79,0x3b,0x20,0x63,0x6f,0x6c,0x6f,0x72,
  0x3a,0x20,0x22,0x77,0x68,0x69,0x74,0x65,0x22,0x3b,0x20,0x77,0x69,0x64,0x74,0x68,
  0x3a,0x20,0x32,0x32,0x30,0x20,0x7d,0xa,0x20,0x20,0x20,0x20,0x20,0x20,0x20,0x20,
  0x20,0x20,0x20,0x20,0x20,0x20,0x20,0x20,0x20,0x20,0x20,0x20,0x4c,0x61,0x62,0x65,
  0x6c,0x20,0x7b,0x20,0x74,0x65,0x78,0x74,0x3a,0x20,0x22,0xe2,0x82,0xb9,0x22,0x20,
  0x2b,0x20,0x4e,0x75,0x6d,0x62,0x65,0x72,0x28,0x62,0x75,0x64,0x67,0x65,0x74,0x29,
  0x2e,0x74,0x6f,0x4c,0x6f,0x63,0x61,0x6c,0x65,0x53,0x74,0x72,0x69,0x6e,0x67,0x28,
  0x51,0x74,0x2e,0x6c,0x6f,0x63,0x61,0x6c,0x65,0x28,0x22,0x65,0x6e,0x2d,0x49,0x4e,
  0x22,0x29,0x2c,0x20,0x22,0x66,0x22,0x2c,0x20,0x30,0x29,0x3b,0x20,0x63,0x6f,0x6c,
  0x6f,0x72,0x3a,0x20,0x22,0x23,0x39,0x66,0x62,0x30,0x63,0x38,0x22,0x3b,0x20,0x77,
  0x69,0x64,0x74,0x68,0x3a,0x20,0x31,0x35,0x30,0x20,0x7d,0xa,0x20,0x20,0x20,0x20,
  0x20,0x20,0x20,0x20,0x20,0x20,0x20,0x20,0x20,0x20,0x20,0x20,0x20,0x20,0x20,0x20,
  0x4c,0x61,0x62,0x65,0x6c,0x20,0x7b,0x20,0x74,0x65,0x78,0x74,0x3a,0x20,0x22,0xe2,
  0x82,0xb9,0x22,0x20,0x2b,0x20,0x4e,0x75,0x6d,0x62,0x65,0x72,0x28,0x61,0x63,0x74,
  0x75,0x61,0x6c,0x29,0x2e,0x74,0x6f,0x4c,0x6f,0x63,0x61,0x6c,0x65,0x53,0x74,0x72,
  0x69,0x6e,0x67,0x28,0x51,0x74,0x2e,0x6c,0x6f,0x63,0x61,0x6c,0x65,0x28,0x22,0x65,
  0x6e,0x2d,0x49,0x4e,0x22,0x29,0x2c,0x20,0x22,0x66,0x22,0x2c,0x20,0x30,0x29,0x3b,
  0x20,0x63,0x6f,0x6c,0x6f,0x72,0x3a,0x20,0x22,0x77,0x68,0x69,0x74,0x65,0x22,0x3b,
  0x20,0x77,0x69,0x64,0x74,0x68,0x3a,0x20,0x31,0x35,0x30,0x20,0x7d,0xa,0x20,0x20,
  0x20,0x20,0x20,0x20,0x20,0x20,0x20,0x20,0x20,0x20,0x20,0x20,0x20,0x20,0x20,0x20,
  0x20,0x20,0x4c,0x61,0x62,0x65,0x6c,0x20,0x7b,0x20,0x74,0x65,0x78,0x74,0x3a,0x20,
  0x6e,0x6f,0x74,0x65,0x73,0x3b,0x20,0x63,0x6f,0x6c,0x6f,0x72,0x3a,0x20,0x22,0x23,
  0x37,0x31,0x38,0x32,0x39,0x61,0x22,0x20,0x7d,0xa,0x20,0x20,0x20,0x20,0x20,0x20,
  0x20,0x20,0x20,0x20,0x20,0x20,0x20,0x20,0x20,0x20,0x7d,0xa,0x20,0x20,0x20,0x20,
  0x20,0x20,0x20,0x20,0x20,0x20,0x20,0x20,0x7d,0xa,0x20,0x20,0x20,0x20,0x20,0x20,
  0x20,0x20,0x7d,0xa,0x20,0x20,0x20,0x20,0x7d,0xa,0x7d,0xa,
    // InvestmentsPage.qml
  0x0,0x0,0x7,0x77,
  0x69,
  0x6d,0x70,0x6f,0x72,0x74,0x20,0x51,0x74,0x51,0x75,0x69,0x63,0x6b,0xa,0x69,0x6d,
  0x70,0x6f,0x72,0x74,0x20,0x51,0x74,0x51,0x75,0x69,0x63,0x6b,0x2e,0x43,0x6f,0x6e,
  0x74,0x72,0x6f,0x6c,0x73,0xa,0x69,0x6d,0x70,0x6f,0x72,0x74,0x20,0x51,0x74,0x51,
  0x75,0x69,0x63,0x6b,0x2e,0x4c,0x61,0x79,0x6f,0x75,0x74,0x73,0xa,0x69,0x6d,0x70,
  0x6f,0x72,0x74,0x20,0x50,0x65,0x72,0x73,0x6f,0x6e,0x61,0x6c,0x43,0x61,0x73,0x68,
  0x66,0x6c,0x6f,0x77,0x47,0x61,0x6d,0x65,0xa,0x50,0x61,0x67,0x65,0x20,0x7b,0xa,
  0x20,0x20,0x20,0x20,0x62,0x61,0x63,0x6b,0x67,0x72,0x6f,0x75,0x6e,0x64,0x3a,0x20,
  0x52,0x65,0x63,0x74,0x61,0x6e,0x67,0x6c,0x65,0x7b,0x63,0x6f,0x6c,0x6f,0x72,0x3a,
  0x22,0x23,0x30,0x62,0x31,0x32,0x32,0x30,0x22,0x7d,0xa,0x20,0x20,0x20,0x20,0x70,
  0x72,0x6f,0x70,0x65,0x72,0x74,0x79,0x20,0x76,0x61,0x72,0x20,0x72,0x6f,0x77,0x73,
  0x3a,0x20,0x67,0x61,0x6d,0x65,0x43,0x6f,0x6e,0x74,0x72,0x6f,0x6c,0x6c,0x65,0x72,
  0x2e,0x69,0x6e,0x76,0x65,0x73,0x74,0x6d,0x65,0x6e,0x74,0x52,0x6f,0x77,0x73,0x28,
  0x29,0xa,0x20,0x20,0x20,0x20,0x43,0x6f,0x6e,0x6e,0x65,0x63,0x74,0x69,0x6f,0x6e,
  0x73,0x20,0x7b,0x20,0x74,0x61,0x72,0x67,0x65,0x74,0x3a,0x20,0x64,0x61,0x74,0x61,
  0x62,0x61,0x73,0x65,0x3b,0x20,0x66,0x75,0x6e,0x63,0x74,0x69,0x6f,0x6e,0x20,0x6f,
  0x6e,0x44,0x61,0x74,0x61,0x43,0x68,0x61,0x6e,0x67,0x65,0x64,0x28,0x29,0x20,0x7b,
  0x20,0x72,0x6f,0x77,0x73,0x20,0x3d,0x20,0x67,0x61,0x6d,0x65,0x43,0x6f,0x6e,0x74,
  0x72,0x6f,0x6c,0x6c,0x65,0x72,0x2e,0x69,0x6e,0x76,0x65,0x73,0x74,0x6d,0x65,0x6e,
  0x74,0x52,0x6f,0x77,0x73,0x28,0x29,0x20,0x7d,0x20,0x7d,0xa,0x20,0x20,0x20,0x20,
  0x43,0x6f,0x6c,0x75,0x6d,0x6e,0x4c,0x61,0x79,0x6f,0x75,0x74,0x20,0x7b,0x20,0x61,
  0x6e,0x63,0x68,0x6f,0x72,0x73,0x2e,0x66,0x69,0x6c,0x6c,0x3a,0x20,0x70,0x61,0x72,
  0x65,0x6e,0x74,0x3b,0x20,0x61,0x6e,0x63,0x68,0x6f,0x72,0x73,0x2e,0x6d,0x61,0x72,
  0x67,0x69,0x6e,0x73,0x3a,0x20,0x33,0x30,0xa,0x20,0x20,0x20,0x20,0x20,0x20,0x20,
  0x20,0x53,0x65,0x63,0x74,0x69,0x6f,0x6e,0x54,0x69,0x74,0x6c,0x65,0x20,0x7b,0x20,
  0x74,0x69,0x74,0x6c,0x65,0x3a,0x20,0x22,0x49,0x6e,0x76,0x65,0x73,0x74,0x6d,0x65,
  0x6e,0x74,0x20,0x54,0x72,0x61,0x63,0x6b,0x65,0x72,0x22,0x20,0x7d,0xa,0x20,0x20,
  0x20,0x20,0x20,0x20,0x20,0x20,0x52,0x6f,0x77,0x4c,0x61,0x79,0x6f,0x75,0x74,0x20,
  0x7b,0x20,0x4c,0x61,0x79,0x6f,0x75,0x74,0x2e,0x66,0x69,0x6c,0x6c,0x57,0x69,0x64,
  0x74,0x68,0x3a,0x20,0x74,0x72,0x75,0x65,0xa,0x20,0x20,0x20,0x20,0x20,0x20,0x20,
  0x20,0x20,0x20,0x20,0x20,0x54,0x65,0x78,0x74,0x46,0x69,0x65,0x6c,0x64,0x20,0x7b,
  0x20,0x69,0x64,0x3a,0x20,0x74,0x3b,0x20,0x70,0x6c,0x61,0x63,0x65,0x68,0x6f,0x6c,
  0x64,0x65,0x72,0x54,0x65,0x78,0x74,0x3a,0x20,0x22,0x49,0x6e,0x76,0x65,0x73,0x74,
  0x6d,0x65,0x6e,0x74,0x20,0x74,0x79,0x70,0x65,0x22,0x20,0x7d,0xa,0x20,0x20,0x20,
  0x20,0x20,0x20,0x20,0x20,0x20,0x20,0x20,0x20,0x54,0x65,0x78,0x74,0x46,0x69,0x65,
  0x6c,0x64,0x20,0x7b,0x20,0x69,0x64,0x3a,0x20,0x69,0x3b,0x20,0x70,0x6c,0x61,0x63,
  0x65,0x68,0x6f,0x6c,0x64,0x65,0x72,0x54,0x65,0x78,0x74,0x3a,0x20,0x22,0x49,0x6e,
  0x76,0x65,0x73,0x74,0x65,0x64,0x20,0x61,0x6d,0x6f,0x75,0x6e,0x74,0x22,0x20,0x7d,
  0xa,0x20,0x20,0x20,0x20,0x20,0x20,0x20,0x20,0x20,0x20,0x20,0x20,0x54,0x65,0x78,
  0x74,0x46,0x69,0x65,0x6c,0x64,0x20,0x7b,0x20,0x69,0x64,0x3a,0x20,0x63,0x3b,0x20,
  0x70,0x6c,0x61,0x63,0x65,0x68,0x6f,0x6c,0x64,0x65,0x72,0x54,0x65,0x78,0x74,0x3a,
  0x20,0x22,0x43,0x75,0x72,0x72,0x65,0x6e,0x74,0x20,0x76,0x61,0x6c,0x75,0x65,0x22,
  0x20,0x7d,0xa,0x20,0x20,0x20,0x20,0x20,0x20,0x20,0x20,0x20,0x20,0x20,0x20,0x54,
  0x65,0x78,0x74,0x46,0x69,0x65,0x6c,0x64,0x20,0x7b,0x20,0x69,0x64,0x3a,0x20,0x6e,
  0x3b,0x20,0x70,0x6c,0x61,0x63,0x65,0x68,0x6f,0x6c,0x64,0x65,0x72,0x54,0x65,0x78,
  0x74,0x3a,0x20,0x22,0x4e,0x6f,0x74,0x65,0x73,0x22,0x20,0x7d,0xa,0x20,0x20,0x20,
  0x20,0x20,0x20,0x20,0x20,0x20,0x20,0x20,0x20,0x42,0x75,0x74,0x74,0x6f,0x6e,0x20,
  0x7b,0x20,0x74,0x65,0x78,0x74,0x3a,0x20,0x22,0x41,0x64,0x64,0x22,0x3b,0x20,0x6f,
  0x6e,0x43,0x6c,0x69,0x63,0x6b,0x65,0x64,0x3a,0x20,0x7b,0xa,0x20,0x20,0x20,0x20,
  0x20,0x20,0x20,0x20,0x20,0x20,0x20,0x20,0x20,0x20,0x20,0x20,0x69,0x66,0x20,0x28,
  0x67,0x61,0x6d,0x65,0x43,0x6f,0x6e,0x74,0x72,0x6f,0x6c,0x6c,0x65,0x72,0x2e,0x61,
  0x64,0x64,0x49,0x6e,0x76,0x65,0x73,0x74,0x6d,0x65,0x6e,0x74,0x28,0x74,0x2e,0x74,
  0x65,0x78,0x74,0x2c,0x20,0x4e,0x75,0x6d,0x62,0x65,0x72,0x28,0x69,0x2e,0x74,0x65,
  0x78,0x74,0x29,0x2c,0x20,0x4e,0x75,0x6d,0x62,0x65,0x72,0x28,0x63,0x2e,0x74,0x65,
  0x78,0x74,0x29,0x2c,0x20,0x6e,0x2e,0x74,0x65,0x78,0x74,0x29,0x29,0x20,0x7b,0xa,
  0x20,0x20,0x20,0x20,0x20,0x20,0x20,0x20,0x20,0x20,0x20,0x20,0x20,0x20,0x20,0x20,
  0x20,0x20,0x20,0x20,0x72,0x6f,0x77,0x73,0x20,0x3d,0x20,0x67,0x61,0x6d,0x65,0x43,
  0x6f,0x6e,0x74,0x72,0x6f,0x6c,0x6c,0x65,0x72,0x2e,0x69,0x6e,0x76,0x65,0x73,0x74,
  0x6d,0x65,0x6e,0x74,0x52,0x6f,0x77,0x73,0x28,0x29,0xa,0x20,0x20,0x20,0x20,0x20,
  0x20,0x20,0x20,0x20,0x20,0x20,0x20,0x20,0x20,0x20,0x20,0x20,0x20,0x20,0x20,0x74,
  0x2e,0x63,0x6c,0x65,0x61,0x72,0x28,0x29,0x3b,0x20,0x69,0x2e,0x63,0x6c,0x65,0x61,
  0x72,0x28,0x29,0x3b,0x20,0x63,0x2e,0x63,0x6c,0x65,0x61,0x72,0x28,0x29,0x3b,0x20,
  0x6e,0x2e,0x63,0x6c,0x65,0x61,0x72,0x28,0x29,0xa,0x20,0x20,0x20,0x20,0x20,0x20,
  0x20,0x20,0x20,0x20,0x20,0x20,0x20,0x20,0x20,0x20,0x7d,0xa,0x20,0x20,0x20,0x20,
  0x20,0x20,0x20,0x20,0x20,0x20,0x20,0x20,0x7d,0x7d,0xa,0x20,0x20,0x20,0x20,0x20,
  0x20,0x20,0x20,0x7d,0xa,0x20,0x20,0x20,0x20,0x20,0x20,0x20,0x20,0x4c,0x69,0x73,
  0x74,0x56,0x69,0x65,0x77,0x20,0x7b,0x20,0x4c,0x61,0x79,0x6f,0x75,0x74,0x2e,0x66,
  0x69,0x6c,0x6c,0x57,0x69,0x64,0x74,0x68,0x3a,0x20,0x74,0x72,0x75,0x65,0x3b,0x20,
  0x4c,0x61,0x79,0x6f,0x75,0x74,0x2e,0x66,0x69,0x6c,0x6c,0x48,0x65,0x69,0x67,0x68,
  0x74,0x3a,0x20,0x74,0x72,0x75,0x65,0x3b,0x20,0x6d,0x6f,0x64,0x65,0x6c,0x3a,0x20,
  0x72,0x6f,0x77,0x73,0xa,0x20,0x20,0x20,0x20,0x20,0x20,0x20,0x20,0x20,0x20,0x20,
  0x20,0x64,0x65,0x6c,0x65,0x67,0x61,0x74,0x65,0x3a,0x20,0x52,0x65,0x63,0x74,0x61,
  0x6e,0x67,0x6c,0x65,0x20,0x7b,0x20,0x77,0x69,0x64,0x74,0x68,0x3a,0x20,0x4c,0x69,
  0x73,0x74,0x56,0x69,0x65,0x77,0x2e,0x76,0x69,0x65,0x77,0x2e,0x77,0x69,0x64,0x74,
  0x68,0x3b,0x20,0x68,0x65,0x69,0x67,0x68,0x74,0x3a,0x20,0x35,0x34,0x3b,0x20,0x63,
  0x6f,0x6c,0x6f,0x72,0x3a,0x20,0x69,0x6e,0x64,0x65,0x78,0x20,0x25,0x20,0x32,0x20,
  0x3f,0x20,0x22,0x23,0x31,0x30,0x31,0x61,0x32,0x61,0x22,0x20,0x3a,0x20,0x22,0x23,
  0x31,0x34,0x32,0x30,0x33,0x33,0x22,0xa,0x20,0x20,0x20,0x20,0x20,0x20,0x20,0x20,
  0x20,0x20,0x20,0x20,0x20,0x20,0x20,0x20,0x52,0x6f,0x77,0x20,0x7b,0x20,0x61,0x6e,
  0x63,0x68,0x6f,0x72,0x73,0x2e,0x66,0x69,0x6c,0x6c,0x3a,0x20,0x70,0x61,0x72,0x65,
  0x6e,0x74,0x3b,0x20,0x61,0x6e,0x63,0x68,0x6f,0x72,0x73,0x2e,0x6d,0x61,0x72,0x67,
  0x69,0x6e,0x73,0x3a,0x20,0x31,0x32,0x3b,0x20,0x73,0x70,0x61,0x63,0x69,0x6e,0x67,
  0x3a,0x20,0x34,0x30,0xa,0x20,0x20,0x20,0x20,0x20,0x20,0x20,0x20,0x20,0x20,0x20,
  0x20,0x20,0x20,0x20,0x20,0x20,0x20,0x20,0x20,0x4c,0x61,0x62,0x65,0x6c,0x20,0x7b,
  0x20,0x74,0x65,0x78,0x74,0x3a,0x20,0x74,0x79,0x70,0x65,0x3b,0x20,0x63,0x6f,0x6c,
  0x6f,0x72,0x3a,0x20,0x22,0x77,0x68,0x69,0x74,0x65,0x22,0x3b,0x20,0x77,0x69,0x64,
  0x74,0x68,0x3a,0x20,0x31,0x38,0x30,0x20,0x7d,0xa,0x20,0x20,0x20,0x20,0x20,0x20,
  0x20,0x20,0x20,0x20,0x20,0x20,0x20,0x20,0x20,0x20,0x20,0x20,0x20,0x20,0x4c,0x61,
  0x62,0x65,0x6c,0x20,0x7b,0x20,0x74,0x65,0x78,0x74,0x3a,0x20,0x22,0xe2,0x82,0xb9,
  0x22,0x20,0x2b,0x20,0x4e,0x75,0x6d,0x62,0x65,0x72,0x28,0x69,0x6e,0x76,0x65,0x73,
  0x74,0x65,0x64,0x29,0x2e,0x74,0x6f,0x4c,0x6f,0x63,0x61,0x6c,0x65,0x53,0x74,0x72,
  0x69,0x6e,0x67,0x28,0x51,0x74,0x2e,0x6c,0x6f,0x63,0x61,0x6c,0x65,0x28,0x22,0x65,
  0x6e,0x2d,0x49,0x4e,0x22,0x29,0x2c,0x20,0x22,0x66,0x22,0x2c,0x20,0x30,0x29,0x3b,
  0x20,0x63,0x6f,0x6c,0x6f,0x72,0x3a,0x20,0x22,0x23,0x39,0x66,0x62,0x30,0x63,0x38,
  0x22,0x3b,0x20,0x77,0x69,0x64,0x74,0x68,0x3a,0x20,0x31,0x34,0x30,0x20,0x7d,0xa,
  0x20,0x20,0x20,0x20,0x20,0x20,0x20,0x20,0x20,0x20,0x20,0x20,0x20,0x20,0x20,0x20,
  0x20,0x20,0x20,0x20,0x4c,0x61,0x62,0x65,0x6c,0x20,0x7b,0x20,0x74,0x65,0x78,0x74,
  0x3a,0x20,0x22,0xe2,0x82,0xb9,0x22,0x20,0x2b,0x20,0x4e,0x75,0x6d,0x62,0x65,0x72,
  0x28,0x63,0x75,0x72,0x72,0x65,0x6e,0x74,0x29,0x2e,0x74,0x6f,0x4c,0x6f,0x63,0x61,
  0x6c,0x65,0x53,0x74,0x72,0x69,0x6e,0x67,0x28,0x51,0x74,0x2e,0x6c,0x6f,0x63,0x61,
  0x6c,0x65,0x28,0x22,0x65,0x6e,0x2d,0x49,0x4e,0x22,0x29,0x2c,0x20,0x22,0x66,0x22,
  0x2c,0x20,0x30,0x29,0x3b,0x20,0x63,0x6f,0x6c,0x6f,0x72,0x3a,0x20,0x22,0x77,0x68,
  0x69,0x74,0x65,0x22,0x3b,0x20,0x77,0x69,0x64,0x74,0x68,0x3a,0x20,0x31,0x34,0x30,
  0x20,0x7d,0xa,0x20,0x20,0x20,0x20,0x20,0x20,0x20,0x20,0x20,0x20,0x20,0x20,0x20,
  0x20,0x20,0x20,0x20,0x20,0x20,0x20,0x4c,0x61,0x62,0x65,0x6c,0x20,0x7b,0x20,0x74,
  0x65,0x78,0x74,0x3a,0x20,0x22,0xe2,0x82,0xb9,0x22,0x20,0x2b,0x20,0x4e,0x75,0x6d,
  0x62,0x65,0x72,0x28,0x70,0x72,0x6f,0x66,0x69,0x74,0x29,0x2e,0x74,0x6f,0x4c,0x6f,
  0x63,0x61,0x6c,0x65,0x53,0x74,0x72,0x69,0x6e,0x67,0x28,0x51,0x74,0x2e,0x6c,0x6f,
  0x63,0x61,0x6c,0x65,0x28,0x22,0x65,0x6e,0x2d,0x49,0x4e,0x22,0x29,0x2c,0x20,0x22,
  0x66,0x22,0x2c,0x20,0x30,0x29,0x3b,0x20,0x63,0x6f,0x6c,0x6f,0x72,0x3a,0x20,0x22,
  0x23,0x39,0x66,0x62,0x30,0x63,0x38,0x22,0x3b,0x20,0x77,0x69,0x64,0x74,0x68,0x3a,
  0x20,0x31,0x33,0x30,0x20,0x7d,0xa,0x20,0x20,0x20,0x20,0x20,0x20,0x20,0x20,0x20,
  0x20,0x20,0x20,0x20,0x20,0x20,0x20,0x20,0x20,0x20,0x20,0x4c,0x61,0x62,0x65,0x6c,
  0x20,0x7b,0x20,0x74,0x65,0x78,0x74,0x3a,0x20,0x28,0x70,0x72,0x6f,0x66,0x69,0x74,
  0x50,0x65,0x72,0x63,0x65,0x6e,0x74,0x20,0x2a,0x20,0x31,0x30,0x30,0x29,0x2e,0x74,
  0x6f,0x46,0x69,0x78,0x65,0x64,0x28,0x31,0x29,0x20,0x2b,0x20,0x22,0x25,0x22,0x3b,
  0x20,0x63,0x6f,0x6c,0x6f,0x72,0x3a,0x20,0x22,0x23,0x39,0x66,0x62,0x30,0x63,0x38,
  0x22,0x20,0x7d,0xa,0x20,0x20,0x20,0x20,0x20,0x20,0x20,0x20,0x20,0x20,0x20,0x20,
  0x20,0x20,0x20,0x20,0x7d,0xa,0x20,0x20,0x20,0x20,0x20,0x20,0x20,0x20,0x20,0x20,
  0x20,0x20,0x7d,0xa,0x20,0x20,0x20,0x20,0x20,0x20,0x20,0x20,0x7d,0xa,0x20,0x20,
  0x20,0x20,0x7d,0xa,0x7d,0xa,
    // EmergencyFundPage.qml
  0x0,0x0,0x5,0xf6,
  0x69,
  0x6d,0x70,0x6f,0x72,0x74,0x20,0x51,0x74,0x51,0x75,0x69,0x63,0x6b,0xa,0x69,0x6d,
  0x70,0x6f,0x72,0x74,0x20,0x51,0x74,0x51,0x75,0x69,0x63,0x6b,0x2e,0x43,0x6f,0x6e,
  0x74,0x72,0x6f,0x6c,0x73,0xa,0x69,0x6d,0x70,0x6f,0x72,0x74,0x20,0x51,0x74,0x51,
  0x75,0x69,0x63,0x6b,0x2e,0x4c,0x61,0x79,0x6f,0x75,0x74,0x73,0xa,0x69,0x6d,0x70,
  0x6f,0x72,0x74,0x20,0x50,0x65,0x72,0x73,0x6f,0x6e,0x61,0x6c,0x43,0x61,0x73,0x68,
  0x66,0x6c,0x6f,0x77,0x47,0x61,0x6d,0x65,0xa,0x50,0x61,0x67,0x65,0x20,0x7b,0xa,
  0x20,0x20,0x20,0x20,0x62,0x61,0x63,0x6b,0x67,0x72,0x6f,0x75,0x6e,0x64,0x3a,0x20,
  0x52,0x65,0x63,0x74,0x61,0x6e,0x67,0x6c,0x65,0x20,0x7b,0x20,0x63,0x6f,0x6c,0x6f,
  0x72,0x3a,0x20,0x22,0x23,0x30,0x62,0x31,0x32,0x32,0x30,0x22,0x20,0x7d,0xa,0x20,
  0x20,0x20,0x20,0x43,0x6f,0x6c,0x75,0x6d,0x6e,0x4c,0x61,0x79,0x6f,0x75,0x74,0x20,
  0x7b,0x20,0x61,0x6e,0x63,0x68,0x6f,0x72,0x73,0x2e,0x66,0x69,0x6c,0x6c,0x3a,0x20,
  0x70,0x61,0x72,0x65,0x6e,0x74,0x3b,0x20,0x61,0x6e,0x63,0x68,0x6f,0x72,0x73,0x2e,
  0x6d,0x61,0x72,0x67,0x69,0x6e,0x73,0x3a,0x20,0x33,0x30,0x3b,0x20,0x73,0x70,0x61,
  0x63,0x69,0x6e,0x67,0x3a,0x20,0x32,0x30,0xa,0x20,0x20,0x20,0x20,0x20,0x20,0x20,
  0x20,0x53,0x65,0x63,0x74,0x69,0x6f,0x6e,0x54,0x69,0x74,0x6c,0x65,0x20,0x7b,0x20,
  0x74,0x69,0x74,0x6c,0x65,0x3a,0x20,0x22,0x45,0x6d,0x65,0x72,0x67,0x65,0x6e,0x63,
  0x79,0x20,0x46,0x75,0x6e,0x64,0x20,0x50,0x6c,0x61,0x6e,0x6e,0x65,0x72,0x22,0x20,
  0x7d,0xa,0x20,0x20,0x20,0x20,0x20,0x20,0x20,0x20,0x4c,0x61,0x62,0x65,0x6c,0x20,
  0x7b,0x20,0x74,0x65,0x78,0x74,0x3a,0x20,0x22,0x54,0x61,0x72,0x67,0x65,0x74,0x20,
  0x3d,0x20,0x36,0x20,0x6d,0x6f,0x6e,0x74,0x68,0x73,0x20,0x6f,0x66,0x20,0x61,0x63,
  0x74,0x75,0x61,0x6c,0x20,0x65,0x78,0x70,0x65,0x6e,0x73,0x65,0x73,0x22,0x3b,0x20,
  0x63,0x6f,0x6c,0x6f,0x72,0x3a,0x20,0x22,0x23,0x38,0x34,0x39,0x35,0x61,0x66,0x22,
  0x20,0x7d,0xa,0x20,0x20,0x20,0x20,0x20,0x20,0x20,0x20,0x52,0x6f,0x77,0x4c,0x61,
  0x79,0x6f,0x75,0x74,0x20,0x7b,0x20,0x4c,0x61,0x79,0x6f,0x75,0x74,0x2e,0x66,0x69,
  0x6c,0x6c,0x57,0x69,0x64,0x74,0x68,0x3a,0x20,0x74,0x72,0x75,0x65,0xa,0x20,0x20,
  0x20,0x20,0x20,0x20,0x20,0x20,0x20,0x20,0x20,0x20,0x43,0x6f,0x6c,0x75,0x6d,0x6e,
  0x4c,0x61,0x79,0x6f,0x75,0x74,0x20,0x7b,0xa,0x20,0x20,0x20,0x20,0x20,0x20,0x20,
  0x20,0x20,0x20,0x20,0x20,0x20,0x20,0x20,0x20,0x4c,0x61,0x62,0x65,0x6c,0x20,0x7b,
  0x20,0x74,0x65,0x78,0x74,0x3a,0x20,0x22,0x4d,0x6f,0x6e,0x74,0x68,0x6c,0x79,0x20,
  0x45,0x78,0x70,0x65,0x6e,0x73,0x65,0x73,0x22,0x3b,0x20,0x63,0x6f,0x6c,0x6f,0x72,
  0x3a,0x20,0x22,0x23,0x38,0x32,0x39,0x34,0x61,0x65,0x22,0x20,0x7d,0xa,0x20,0x20,
  0x20,0x20,0x20,0x20,0x20,0x20,0x20,0x20,0x20,0x20,0x20,0x20,0x20,0x20,0x4c,0x61,
  0x62,0x65,0x6c,0x20,0x7b,0x20,0x74,0x65,0x78,0x74,0x3a,0x20,0x22,0xe2,0x82,0xb9,
  0x22,0x20,0x2b,0x20,0x4e,0x75,0x6d,0x62,0x65,0x72,0x28,0x66,0x69,0x6e,0x61,0x6e,
  0x63,0x65,0x2e,0x74,0x6f,0x74,0x61,0x6c,0x45,0x78,0x70,0x65,0x6e,0x73,0x65,0x73,
  0x29,0x2e,0x74,0x6f,0x4c,0x6f,0x63,0x61,0x6c,0x65,0x53,0x74,0x72,0x69,0x6e,0x67,
  0x28,0x51,0x74,0x2e,0x6c,0x6f,0x63,0x61,0x6c,0x65,0x28,0x22,0x65,0x6e,0x2d,0x49,
  0x4e,0x22,0x29,0x2c,0x20,0x22,0x66,0x22,0x2c,0x20,0x30,0x29,0x3b,0x20,0x63,0x6f,
  0x6c,0x6f,0x72,0x3a,0x20,0x22,0x77,0x68,0x69,0x74,0x65,0x22,0x3b,0x20,0x66,0x6f,
  0x6e,0x74,0x2e,0x70,0x69,0x78,0x65,0x6c,0x53,0x69,0x7a,0x65,0x3a,0x20,0x32,0x34,
  0x3b,0x20,0x66,0x6f,0x6e,0x74,0x2e,0x62,0x6f,0x6c,0x64,0x3a,0x20,0x74,0x72,0x75,
  0x65,0x20,0x7d,0xa,0x20,0x20,0x20,0x20,0x20,0x20,0x20,0x20,0x20,0x20,0x20,0x20,
  0x7d,0xa,0x20,0x20,0x20,0x20,0x20,0x20,0x20,0x20,0x20,0x20,0x20,0x20,0x43,0x6f,
  0x6c,0x75,0x6d,0x6e,0x4c,0x61,0x79,0x6f,0x75,0x74,0x20,0x7b,0xa,0x20,0x20,0x20,
  0x20,0x20,0x20,0x20,0x20,0x20,0x20,0x20,0x20,0x20,0x20,0x20,0x20,0x4c,0x61,0x62,
  0x65,0x6c,0x20,0x7b,0x20,0x74,0x65,0x78,0x74,0x3a,0x20,0x22,0x36,0x2d,0x4d,0x6f,
  0x6e,0x74,0x68,0x20,0x54,0x61,0x72,0x67,0x65,0x74,0x22,0x3b,0x20,0x63,0x6f,0x6c,
  0x6f,0x72,0x3a,0x20,0x22,0x23,0x38,0x32,0x39,0x34,0x61,0x65,0x22,0x20,0x7d,0xa,
  0x20,0x20,0x20,0x20,0x20,0x20,0x20,0x20,0x20,0x20,0x20,0x20,0x20,0x20,0x20,0x20,
  0x4c,0x61,0x62,0x65,0x6c,0x20,0x7b,0x20,0x74,0x65,0x78,0x74,0x3a,0x20,0x22,0xe2,
  0x82,0xb9,0x22,0x20,0x2b,0x20,0x4e,0x75,0x6d,0x62,0x65,0x72,0x28,0x66,0x69,0x6e,
  0x61,0x6e,0x63,0x65,0x2e,0x65,0x6d,0x65,0x72,0x67,0x65,0x6e,0x63,0x79,0x54,0x61,
  0x72,0x67,0x65,0x74,0x29,0x2e,0x74,0x6f,0x4c,0x6f,0x63,0x61,0x6c,0x65,0x53,0x74,
  0x72,0x69,0x6e,0x67,0x28,0x51,0x74,0x2e,0x6c,0x6f,0x63,0x61,0x6c,0x65,0x28,0x22,
  0x65,0x6e,0x2d,0x49,0x4e,0x22,0x29,0x2c,0x20,0x22,0x66,0x22,0x2c,0x20,0x30,0x29,
  0x3b,0x20,0x63,0x6f,0x6c,0x6f,0x72,0x3a,0x20,0x22,0x77,0x68,0x69,0x74,0x65,0x22,
  0x3b,0x20,0x66,0x6f,0x6e,0x74,0x2e,0x70,0x69,0x78,0x65,0x6c,0x53,0x69,0x7a,0x65,
  0x3a,0x20,0x32,0x34,0x3b,0x20,0x66,0x6f,0x6e,0x74,0x2e,0x62,0x6f,0x6c,0x64,0x3a,
  0x20,0x74,0x72,0x75,0x65,0x20,0x7d,0xa,0x20,0x20,0x20,0x20,0x20,0x20,0x20,0x20,
  0x20,0x20,0x20,0x20,0x7d,0xa,0x20,0x20,0x20,0x20,0x20,0x20,0x20,0x20,0x20,0x20,
  0x20,0x20,0x43,0x6f,0x6c,0x75,0x6d,0x6e,0x4c,0x61,0x79,0x6f,0x75,0x74,0x20,0x7b,
  0xa,0x20,0x20,0x20,0x20,0x20,0x20,0x20,0x20,0x20,0x20,0x20,0x20,0x20,0x20,0x20,
  0x20,0x4c,0x61,0x62,0x65,0x6c,0x20,0x7b,0x20,0x74,0x65,0x78,0x74,0x3a,0x20,0x22,
  0x43,0x75,0x72,0x72,0x65,0x6e,0x74,0x20,0x46,0x75,0x6e,0x64,0x22,0x3b,0x20,0x63,
  0x6f,0x6c,0x6f,0x72,0x3a,0x20,0x22,0x23,0x38,0x32,0x39,0x34,0x61,0x65,0x22,0x20,
  0x7d,0xa,0x20,0x20,0x20,0x20,0x20,0x20,0x20,0x20,0x20,0x20,0x20,0x20,0x20,0x20,
  0x20,0x20,0x54,0x65,0x78,0x74,0x46,0x69,0x65,0x6c,0x64,0x20,0x7b,0xa,0x20,0x20,
  0x20,0x20,0x20,0x20,0x20,0x20,0x20,0x20,0x20,0x20,0x20,0x20,0x20,0x20,0x20,0x20,
  0x20,0x20,0x69,0x64,0x3a,0x20,0x76,0xa,0x20,0x20,0x20,0x20,0x20,0x20,0x20,0x20,
  0x20,0x20,0x20,0x20,0x20,0x20,0x20,0x20,0x20,0x20,0x20,0x20,0x74,0x65,0x78,0x74,
  0x3a,0x20,0x22,0x22,0x20,0x2b,0x20,0x66,0x69,0x6e,0x61,0x6e,0x63,0x65,0x2e,0x65,
  0x6d,0x65,0x72,0x67,0x65,0x6e,0x63,0x79,0x43,0x75,0x72,0x72,0x65,0x6e,0x74,0xa,
  0x20,0x20,0x20,0x20,0x20,0x20,0x20,0x20,0x20,0x20,0x20,0x20,0x20,0x20,0x20,0x20,
  0x20,0x20,0x20,0x20,0x6f,0x6e,0x45,0x64,0x69,0x74,0x69,0x6e,0x67,0x46,0x69,0x6e,
  0x69,0x73,0x68,0x65,0x64,0x3a,0x20,0x67,0x61,0x6d,0x65,0x43,0x6f,0x6e,0x74,0x72,
  0x6f,0x6c,0x6c,0x65,0x72,0x2e,0x73,0x65,0x74,0x45,0x6d,0x65,0x72,0x67,0x65,0x6e,
  0x63,0x79,0x46,0x75,0x6e,0x64,0x28,0x4e,0x75,0x6d,0x62,0x65,0x72,0x28,0x74,0x65,
  0x78,0x74,0x29,0x29,0xa,0x20,0x20,0x20,0x20,0x20,0x20,0x20,0x20,0x20,0x20,0x20,
  0x20,0x20,0x20,0x20,0x20,0x7d,0xa,0x20,0x20,0x20,0x20,0x20,0x20,0x20,0x20,0x20,
  0x20,0x20,0x20,0x7d,0xa,0x20,0x20,0x20,0x20,0x20,0x20,0x20,0x20,0x7d,0xa,0x20,
  0x20,0x20,0x20,0x20,0x20,0x20,0x20,0x50,0x72,0x6f,0x67,0x72,0x65,0x73,0x73,0x42,
  0x61,0x72,0x20,0x7b,0x20,0x4c,0x61,0x79,0x6f,0x75,0x74,0x2e,0x66,0x69,0x6c,0x6c,
  0x57,0x69,0x64,0x74,0x68,0x3a,0x20,0x74,0x72,0x75,0x65,0x3b,0x20,0x76,0x61,0x6c,
  0x75,0x65,0x3a,0x20,0x4d,0x61,0x74,0x68,0x2e,0x6d,0x69,0x6e,0x28,0x66,0x69,0x6e,
  0x61,0x6e,0x63,0x65,0x2e,0x65,0x6d,0x65,0x72,0x67,0x65,0x6e,0x63,0x79,0x50,0x72,
  0x6f,0x67,0x72,0x65,0x73,0x73,0x2c,0x20,0x31,0x29,0x20,0x7d,0xa,0x20,0x20,0x20,
  0x20,0x20,0x20,0x20,0x20,0x4c,0x61,0x62,0x65,0x6c,0x20,0x7b,0x20,0x74,0x65,0x78,
  0x74,0x3a,0x20,0x28,0x66,0x69,0x6e,0x61,0x6e,0x63,0x65,0x2e,0x65,0x6d,0x65,0x72,
  0x67,0x65,0x6e,0x63,0x79,0x50,0x72,0x6f,0x67,0x72,0x65,0x73,0x73,0x20,0x2a,0x20,
  0x31,0x30,0x30,0x29,0x2e,0x74,0x6f,0x46,0x69,0x78,0x65,0x64,0x28,0x31,0x29,0x20,
  0x2b,0x20,0x22,0x25,0x20,0xe2,0x80,0xa2,0x20,0x22,0x20,0x2b,0x20,0x66,0x69,0x6e,
  0x61,0x6e,0x63,0x65,0x2e,0x65,0x6d,0x65,0x72,0x67,0x65,0x6e,0x63,0x79,0x53,0x74,
  0x61,0x74,0x75,0x73,0x3b,0x20,0x63,0x6f,0x6c,0x6f,0x72,0x3a,0x20,0x22,0x23,0x39,
  0x66,0x62,0x30,0x63,0x38,0x22,0x3b,0x20,0x66,0x6f,0x6e,0x74,0x2e,0x70,0x69,0x78,
  0x65,0x6c,0x53,0x69,0x7a,0x65,0x3a,0x20,0x31,0x38,0x20,0x7d,0xa,0x20,0x20,0x20,
  0x20,0x7d,0xa,0x7d,0xa,
    // Dashboard.qml
  0x0,0x0,0x3,0xff,
  0x28,
  0xb5,0x2f,0xfd,0x60,0xf3,0xc,0xad,0x1f,0x0,0xb6,0x6a,0x84,0x32,0x60,0x6d,0x73,
  0x30,0xc,0xc3,0x86,0x20,0xa0,0x1,0x69,0x4a,0x2f,0x8e,0xc2,0xc6,0x4e,0xd2,0x10,
  0x91,0x13,0x4d,0xc8,0x92,0x24,0x32,0xf3,0x7a,0xdc,0xe8,0x43,0x3e,0x6a,0x6c,0xfa,
  0x74,0x47,0xc8,0x20,0x41,0x27,0x6e,0x81,0xc,0x48,0x2e,0x78,0x12,0x28,0x1,0x73,
  0x0,0x77,0x0,0x78,0x0,0x1d,0x30,0x62,0xa0,0xde,0xfc,0xb7,0xd2,0xa2,0x94,0x10,
  0xd6,0xb2,0x31,0x9a,0xd9,0x56,0x3d,0xd6,0x89,0x2d,0xe1,0xd9,0xa,0x7b,0x18,0x35,
  0x7e,0xd2,0xf7,0xb3,0x9d,0xb5,0xad,0xa4,0x8c,0x57,0x54,0x9d,0x62,0x6f,0xb2,0xb4,
  0x58,0x66,0xa0,0xcf,0x3a,0x89,0xa2,0x26,0x4b,0x2,0x70,0x5b,0x39,0x95,0xf4,0xad,
  0xec,0x4c,0xfe,0xd7,0x9b,0xad,0xe0,0xdc,0xa8,0x77,0x36,0x1e,0x5b,0xbb,0xbb,0x10,
  0xc8,0x76,0x87,0x35,0x10,0xd4,0x19,0x47,0x78,0xa8,0xbc,0xb0,0xca,0x18,0xc9,0x93,
  0x56,0x6f,0xcd,0x6f,0xd4,0x83,0x29,0xaa,0xa4,0xfe,0x93,0x62,0x22,0x68,0xe3,0xc5,
  0xd,0xe3,0x31,0xf6,0x9d,0x6a,0x59,0xc,0x98,0xe7,0xe7,0x78,0xa8,0x4f,0x9c,0x83,
  0xad,0xea,0x83,0xd1,0x23,0xe,0x16,0x9e,0x64,0x5d,0xc,0x1f,0x79,0xcb,0xce,0xb8,
  0xb3,0x96,0x75,0x93,0x56,0x6c,0xc1,0x4e,0xdf,0x32,0xc,0xa6,0x8b,0x11,0x18,0xe,
  0x16,0x0,0xbc,0x9,0xde,0x6a,0xb,0xdb,0xa3,0x56,0x67,0x74,0x4a,0x35,0xb,0xb1,
  0x17,0x37,0x9f,0x85,0x92,0x5a,0xfd,0x11,0x39,0xb2,0x3b,0xa2,0x16,0xfd,0xa4,0x57,
  0x7f,0xc4,0x3c,0x17,0x7,0x9d,0xa9,0x85,0x55,0x7e,0x58,0xc9,0xf1,0x4d,0x9e,0x31,
  0xe3,0xb6,0xfa,0x8e,0xfe,0x5,0x59,0xd9,0x96,0x87,0x6e,0x20,0xaa,0x33,0xe3,0x63,
  0xad,0x4a,0x9,0x4b,0xb0,0xd1,0x2,0xb5,0x95,0xc7,0x5e,0x24,0x83,0xad,0x2,0x1f,
  0x65,0xb4,0x38,0x52,0xfc,0x6c,0xf7,0xd,0xf3,0x5d,0x6b,0xc3,0x66,0x68,0xcd,0x11,
  0x6b,0x65,0x4d,0xdc,0x2,0x17,0xe0,0x2c,0x95,0x89,0x2,0xbb,0x23,0x66,0x24,0x69,
  0x12,0xa8,0xfd,0xbc,0xd9,0xca,0xc1,0x1c,0x92,0x91,0x13,0xf,0x95,0x99,0xed,0x95,
  0xbc,0xfd,0x6b,0xa8,0x5d,0x67,0x6b,0x1d,0x10,0x9f,0x75,0xb5,0x9f,0x6f,0xb4,0xae,
  0xb5,0xd5,0xbd,0x54,0xa4,0x1d,0x70,0x97,0xdb,0x81,0x8a,0xb3,0x98,0x20,0x98,0xed,
  0x28,0x32,0x7a,0xc,0x8a,0x3f,0xa7,0x25,0x3f,0x4a,0x51,0x91,0xfc,0xf4,0xa3,0xbe,
  0x28,0xde,0x56,0xb6,0x59,0x98,0x88,0x9c,0x6c,0x92,0x39,0x32,0xfa,0xe6,0xc4,0x7a,
  0x48,0x57,0xb5,0xfc,0x8,0x9d,0x3,0xd0,0xc7,0x6b,0xfb,0xd5,0x9b,0xcf,0x56,0x28,
  0xb3,0x82,0x8d,0x99,0xd4,0x62,0xd2,0xff,0xcd,0xe1,0xe3,0x18,0x18,0xa4,0x85,0x2b,
  0xa1,0x60,0x25,0xcb,0xc6,0xba,0x59,0xdc,0x6e,0x49,0xc8,0xc9,0xee,0x54,0xd1,0xaf,
  0x32,0xea,0xd7,0x5e,0x2a,0xd3,0xc0,0xf3,0xd6,0x5c,0x33,0x66,0x11,0xf6,0x5c,0xb1,
  0x20,0xeb,0xec,0x50,0x6b,0x7b,0x87,0xba,0x86,0xca,0x28,0xec,0xf6,0xc,0x55,0xf7,
  0x22,0x51,0x33,0x76,0x9c,0xb3,0xb,0x42,0x82,0x41,0x2,0x15,0x79,0x43,0xa7,0x96,
  0x93,0xc,0xe0,0x44,0x4d,0x75,0x8b,0x90,0x5d,0x52,0x98,0x30,0xf9,0x3d,0xb1,0x77,
  0xaa,0xb1,0xdf,0x16,0x92,0xad,0x85,0x93,0xbf,0xfe,0x76,0xd1,0x31,0x80,0xc6,0xa0,
  0x51,0x25,0x52,0xa,0x11,0xd1,0x8c,0x24,0xa9,0x64,0x19,0x3,0x20,0x86,0x10,0xa5,
  0xca,0xc6,0x1d,0xe1,0x43,0x59,0x1c,0x0,0x44,0x99,0x33,0xc5,0x5c,0xca,0x9d,0x55,
  0xe2,0x2e,0xa,0x8b,0x74,0x80,0x15,0xb4,0xd,0xce,0x4c,0xab,0xc5,0x0,0x8,0x28,
  0xd,0xa,0x83,0x43,0xd2,0x82,0xf7,0x15,0x52,0x8b,0x74,0xb7,0xd9,0xe8,0xcf,0x60,
  0xd0,0xf8,0xd2,0x3c,0x72,0xa2,0x3,0x48,0x8a,0x1f,0x1d,0x78,0xc1,0x7a,0x52,0xe5,
  0x40,0xbf,0x1d,0x5a,0x99,0xd0,0x9a,0x38,0xf6,0x61,0xa3,0x90,0x6b,0x25,0xa2,0x38,
  0x88,0x0,0xd7,0xef,0x82,0x88,0x89,0x47,0xf5,0x6,0x86,0xc8,0xe0,0x3,0xb8,0x48,
  0xa0,0xc7,0x47,0x3f,0x62,0x25,0x26,0x20,0x80,0xcd,0x2c,0xfd,0xb,0x1,0x85,0x1c,
  0xa3,0xb0,0xa0,0x5,0x5f,0x9d,0xa,0x6b,0xc4,0xfc,0x76,0x72,0x47,0x8a,0x1e,0x19,
  0x30,0xb1,0x68,0x34,0x1,0xf,0x97,0xde,0x81,0x1c,0xc,0x69,0x2c,0x17,0x4f,0x6c,
  0x6,0x27,0x69,0xd5,0x1a,0x3f,0xfa,0xcc,0x1a,0x43,0x5c,0x3f,0x5b,0xcf,0xfb,0x58,
  0x2d,0x6d,0x2d,0x36,0x12,0x11,0x8a,0x28,0x26,0x66,0xb8,0xa5,0x1f,0x5b,0xa,0xab,
  0x65,0xbc,0x2f,0x3e,0x7c,0xb,0xd8,0x1e,0xb0,0xa9,0x9d,0xd3,0x98,0x25,0xf9,0x79,
  0x89,0xaf,0xd6,0xd,0xf5,0xb3,0xd3,0x19,0x63,0xd9,0xd8,0x1b,0x8,0x2,0x47,0x7b,
  0xe,0xb1,0xc2,0xdc,0x81,0x4c,0xfc,0x70,0xea,0xbc,0x2c,0x81,0x5f,0x91,0x5d,0xe2,
  0x6e,0xbb,0xd7,0x56,0xc1,0x84,0x21,0xe,0x3b,0x30,0x7c,0xd4,0x5c,0x1a,0xaa,0x85,
  0xab,0x0,0x96,0xd2,0x45,0xa9,0x14,0x79,0x91,0x29,0x10,0x56,0x98,0x6,0x8f,0xb,
  0xd6,0x96,0xb,0x53,0x22,0x50,0x16,0xf,0xf8,0x77,0xa9,0x7e,0x76,0x50,0x35,0x5,
  0x80,0xb5,0x9e,0x7f,0xd6,0x36,0x1a,0x40,0x60,0x20,0x1d,0x4d,0x19,0x82,0x7,0x2c,
  0xb1,0x60,0x7,0x4,0x2,0xc,0xb8,0x88,0xcb,0x1e,0xb2,0x18,0x9d,0x41,0x94,0x5b,
  0x69,0xf,0x44,0x20,0xd0,0x55,0x25,0x4,0xec,0x2,0x4b,0x64,0x7,0x31,0x81,0x3,
  0x39,0xa1,0x4,0x1a,0xd7,0x20,0x30,0x96,0x62,0x6,0xb3,0x3,0x38,0x39,0x50,0x69,
  0x5b,0x68,0x42,0x2d,0xa7,0xa7,0xb8,0x71,0x23,0x0,0xb7,0xc1,0x38,0x3d,0x70,0x6,
  0x1,0xd5,0xf4,0xf3,0x90,0xad,0xb7,0x1,0xb8,0x1c,0xf2,0x70,0x70,0x87,0x43,0xb4,
  0xe8,0xf2,0x83,0xa0,0x51,0xbb,0x8a,0xae,0x5,0x9b,0x98,0x3d,0xd9,0xd9,0x25,0x72,
  0x66,0x87,0x38,0x26,0xda,0x76,0xc8,0xad,0x4e,0xfc,0xab,0x9c,0x43,0x1,0x1,0x5,
  0xf9,0x1a,0x5d,0xc6,0x92,0xa2,0x5f,0x16,0xe7,0x40,0x73,0x2c,0x13,0xe4,0x2a,0x33,
  0x1e,0xf3,0x39,0xd6,0xbf,0xe7,0x54,0xa4,0x7e,0x43,0x95,0x8d,0xe,0x38,0xdf,0x20,
  0xdc,0xa,0x7e,0xc0,0x28,0x6,0x30,0x0,0x21,0xd0,0xb,0x74,0xc4,0xa0,0x61,0x53,
  0xc1,0x67,0xfa,0xa2,0xea,0x3,0x4a,0x53,0xe4,0xd,0xc2,0x8b,0x1c,0xd2,
    // FreedomPage.qml
  0x0,0x0,0x3,0xec,
  0x69,
  0x6d,0x70,0x6f,0x72,0x74,0x20,0x51,0x74,0x51,0x75,0x69,0x63,0x6b,0xa,0x69,0x6d,
  0x70,0x6f,0x72,0x74,0x20,0x51,0x74,0x51,0x75,0x69,0x63,0x6b,0x2e,0x43,0x6f,0x6e,
  0x74,0x72,0x6f,0x6c,0x73,0xa,0x69,0x6d,0x70,0x6f,0x72,0x74,0x20,0x51,0x74,0x51,
  0x75,0x69,0x63,0x6b,0x2e,0x4c,0x61,0x79,0x6f,0x75,0x74,0x73,0xa,0x69,0x6d,0x70,
  0x6f,0x72,0x74,0x20,0x50,0x65,0x72,0x73,0x6f,0x6e,0x61,0x6c,0x43,0x61,0x73,0x68,
  0x66,0x6c,0x6f,0x77,0x47,0x61,0x6d,0x65,0xa,0x50,0x61,0x67,0x65,0x20,0x7b,0xa,
  0x20,0x20,0x20,0x20,0x62,0x61,0x63,0x6b,0x67,0x72,0x6f,0x75,0x6e,0x64,0x3a,0x20,
  0x52,0x65,0x63,0x74,0x61,0x6e,0x67,0x6c,0x65,0x20,0x7b,0x20,0x63,0x6f,0x6c,0x6f,
  0x72,0x3a,0x20,0x22,0x23,0x30,0x62,0x31,0x32,0x32,0x30,0x22,0x20,0x7d,0xa,0x20,
  0x20,0x20,0x20,0x43,0x6f,0x6c,0x75,0x6d,0x6e,0x4c,0x61,0x79,0x6f,0x75,0x74,0x20,
  0x7b,0x20,0x61,0x6e,0x63,0x68,0x6f,0x72,0x73,0x2e,0x66,0x69,0x6c,0x6c,0x3a,0x20,
  0x70,0x61,0x72,0x65,0x6e,0x74,0x3b,0x20,0x61,0x6e,0x63,0x68,0x6f,0x72,0x73,0x2e,
  0x6d,0x61,0x72,0x67,0x69,0x6e,0x73,0x3a,0x20,0x33,0x30,0x3b,0x20,0x73,0x70,0x61,
  0x63,0x69,0x6e,0x67,0x3a,0x20,0x32,0x32,0xa,0x20,0x20,0x20,0x20,0x20,0x20,0x20,
  0x20,0x53,0x65,0x63,0x74,0x69,0x6f,0x6e,0x54,0x69,0x74,0x6c,0x65,0x20,0x7b,0x20,
  0x74,0x69,0x74,0x6c,0x65,0x3a,0x20,0x22,0x46,0x69,0x6e,0x61,0x6e,0x63,0x69,0x61,
  0x6c,0x20,0x46,0x72,0x65,0x65,0x64,0x6f,0x6d,0x20,0x54,0x72,0x61,0x63,0x6b,0x65,
  0x72,0x22,0x20,0x7d,0xa,0x20,0x20,0x20,0x20,0x20,0x20,0x20,0x20,0x4c,0x61,0x62,
  0x65,0x6c,0x20,0x7b,0x20,0x74,0x65,0x78,0x74,0x3a,0x20,0x22,0x50,0x61,0x73,0x73,
  0x69,0x76,0x65,0x20,0x49,0x6e,0x63,0x6f,0x6d,0x65,0x20,0x2f,0x20,0x4d,0x6f,0x6e,
  0x74,0x68,0x6c,0x79,0x20,0x45,0x78,0x70,0x65,0x6e,0x73,0x65,0x73,0x20,0xc3,0x97,
  0x20,0x31,0x30,0x30,0x22,0x3b,0x20,0x63,0x6f,0x6c,0x6f,0x72,0x3a,0x20,0x22,0x23,
  0x38,0x34,0x39,0x35,0x61,0x66,0x22,0x20,0x7d,0xa,0x20,0x20,0x20,0x20,0x20,0x20,
  0x20,0x20,0x4c,0x61,0x62,0x65,0x6c,0x20,0x7b,0x20,0x74,0x65,0x78,0x74,0x3a,0x20,
  0x28,0x66,0x69,0x6e,0x61,0x6e,0x63,0x65,0x2e,0x66,0x72,0x65,0x65,0x64,0x6f,0x6d,
  0x50,0x65,0x72,0x63,0x65,0x6e,0x74,0x20,0x2a,0x20,0x31,0x30,0x30,0x29,0x2e,0x74,
  0x6f,0x46,0x69,0x78,0x65,0x64,0x28,0x31,0x29,0x20,0x2b,0x20,0x22,0x25,0x22,0x3b,
  0x20,0x63,0x6f,0x6c,0x6f,0x72,0x3a,0x20,0x22,0x77,0x68,0x69,0x74,0x65,0x22,0x3b,
  0x20,0x66,0x6f,0x6e,0x74,0x2e,0x70,0x69,0x78,0x65,0x6c,0x53,0x69,0x7a,0x65,0x3a,
  0x20,0x35,0x36,0x3b,0x20,0x66,0x6f,0x6e,0x74,0x2e,0x62,0x6f,0x6c,0x64,0x3a,0x20,
  0x74,0x72,0x75,0x65,0x20,0x7d,0xa,0x20,0x20,0x20,0x20,0x20,0x20,0x20,0x20,0x50,
  0x72,0x6f,0x67,0x72,0x65,0x73,0x73,0x42,0x61,0x72,0x20,0x7b,0x20,0x4c,0x61,0x79,
  0x6f,0x75,0x74,0x2e,0x66,0x69,0x6c,0x6c,0x57,0x69,0x64,0x74,0x68,0x3a,0x20,0x74,
  0x72,0x75,0x65,0x3b,0x20,0x76,0x61,0x6c,0x75,0x65,0x3a,0x20,0x4d,0x61,0x74,0x68,
  0x2e,0x6d,0x69,0x6e,0x28,0x66,0x69,0x6e,0x61,0x6e,0x63,0x65,0x2e,0x66,0x72,0x65,
  0x65,0x64,0x6f,0x6d,0x50,0x65,0x72,0x63,0x65,0x6e,0x74,0x2c,0x20,0x31,0x29,0x20,
  0x7d,0xa,0x20,0x20,0x20,0x20,0x20,0x20,0x20,0x20,0x4c,0x61,0x62,0x65,0x6c,0x20,
  0x7b,0x20,0x74,0x65,0x78,0x74,0x3a,0x20,0x66,0x69,0x6e,0x61,0x6e,0x63,0x65,0x2e,
  0x66,0x72,0x65,0x65,0x64,0x6f,0x6d,0x53,0x74,0x61,0x74,0x75,0x73,0x3b,0x20,0x63,
  0x6f,0x6c,0x6f,0x72,0x3a,0x20,0x22,0x23,0x39,0x66,0x62,0x30,0x63,0x38,0x22,0x3b,
  0x20,0x66,0x6f,0x6e,0x74,0x2e,0x70,0x69,0x78,0x65,0x6c,0x53,0x69,0x7a,0x65,0x3a,
  0x20,0x32,0x32,0x20,0x7d,0xa,0x20,0x20,0x20,0x20,0x20,0x20,0x20,0x20,0x52,0x6f,
  0x77,0x4c,0x61,0x79,0x6f,0x75,0x74,0x20,0x7b,0x20,0x4c,0x61,0x79,0x6f,0x75,0x74,
  0x2e,0x66,0x69,0x6c,0x6c,0x57,0x69,0x64,0x74,0x68,0x3a,0x20,0x74,0x72,0x75,0x65,
  0xa,0x20,0x20,0x20,0x20,0x20,0x20,0x20,0x20,0x20,0x20,0x20,0x20,0x4c,0x61,0x62,
  0x65,0x6c,0x20,0x7b,0x20,0x74,0x65,0x78,0x74,0x3a,0x20,0x22,0x50,0x61,0x73,0x73,
  0x69,0x76,0x65,0x20,0x69,0x6e,0x63,0x6f,0x6d,0x65,0x3a,0x20,0xe2,0x82,0xb9,0x22,
  0x20,0x2b,0x20,0x4e,0x75,0x6d,0x62,0x65,0x72,0x28,0x66,0x69,0x6e,0x61,0x6e,0x63,
  0x65,0x2e,0x70,0x61,0x73,0x73,0x69,0x76,0x65,0x49,0x6e,0x63,0x6f,0x6d,0x65,0x29,
  0x2e,0x74,0x6f,0x4c,0x6f,0x63,0x61,0x6c,0x65,0x53,0x74,0x72,0x69,0x6e,0x67,0x28,
  0x51,0x74,0x2e,0x6c,0x6f,0x63,0x61,0x6c,0x65,0x28,0x22,0x65,0x6e,0x2d,0x49,0x4e,
  0x22,0x29,0x2c,0x20,0x22,0x66,0x22,0x2c,0x20,0x30,0x29,0x3b,0x20,0x63,0x6f,0x6c,
  0x6f,0x72,0x3a,0x20,0x22,0x23,0x39,0x66,0x62,0x30,0x63,0x38,0x22,0x20,0x7d,0xa,
  0x20,0x20,0x20,0x20,0x20,0x20,0x20,0x20,0x20,0x20,0x20,0x20,0x4c,0x61,0x62,0x65,
  0x6c,0x20,0x7b,0x20,0x74,0x65,0x78,0x74,0x3a,0x20,0x22,0x45,0x78,0x70,0x65,0x6e,
  0x73,0x65,0x73,0x3a,0x20,0xe2,0x82,0xb9,0x22,0x20,0x2b,0x20,0x4e,0x75,0x6d,0x62,
  0x65,0x72,0x28,0x66,0x69,0x6e,0x61,0x6e,0x63,0x65,0x2e,0x74,0x6f,0x74,0x61,0x6c,
  0x45,0x78,0x70,0x65,0x6e,0x73,0x65,0x73,0x29,0x2e,0x74,0x6f,0x4c,0x6f,0x63,0x61,
  0x6c,0x65,0x53,0x74,0x72,0x69,0x6e,0x67,0x28,0x51,0x74,0x2e,0x6c,0x6f,0x63,0x61,
  0x6c,0x65,0x28,0x22,0x65,0x6e,0x2d,0x49,0x4e,0x22,0x29,0x2c,0x20,0x22,0x66,0x22,
  0x2c,0x20,0x30,0x29,0x3b,0x20,0x63,0x6f,0x6c,0x6f,0x72,0x3a,0x20,0x22,0x23,0x39,
  0x66,0x62,0x30,0x63,0x38,0x22,0x20,0x7d,0xa,0x20,0x20,0x20,0x20,0x20,0x20,0x20,
  0x20,0x7d,0xa,0x20,0x20,0x20,0x20,0x7d,0xa,0x7d,0xa,
    // SectionTitle.qml
  0x0,0x0,0x0,0x9d,
  0x69,
  0x6d,0x70,0x6f,0x72,0x74,0x20,0x51,0x74,0x51,0x75,0x69,0x63,0x6b,0xa,0x69,0x6d,
  0x70,0x6f,0x72,0x74,0x20,0x51,0x74,0x51,0x75,0x69,0x63,0x6b,0x2e,0x43,0x6f,0x6e,
  0x74,0x72,0x6f,0x6c,0x73,0xa,0x4c,0x61,0x62,0x65,0x6c,0x20,0x7b,0xa,0x20,0x20,
  0x20,0x20,0x70,0x72,0x6f,0x70,0x65,0x72,0x74,0x79,0x20,0x73,0x74,0x72,0x69,0x6e,
  0x67,0x20,0x74,0x69,0x74,0x6c,0x65,0x3a,0x20,0x22,0x22,0xa,0x20,0x20,0x20,0x20,
  0x74,0x65,0x78,0x74,0x3a,0x20,0x74,0x69,0x74,0x6c,0x65,0xa,0x20,0x20,0x20,0x20,
  0x63,0x6f,0x6c,0x6f,0x72,0x3a,0x20,0x22,0x77,0x68,0x69,0x74,0x65,0x22,0xa,0x20,
  0x20,0x20,0x20,0x66,0x6f,0x6e,0x74,0x2e,0x70,0x69,0x78,0x65,0x6c,0x53,0x69,0x7a,
  0x65,0x3a,0x20,0x32,0x34,0xa,0x20,0x20,0x20,0x20,0x66,0x6f,0x6e,0x74,0x2e,0x62,
  0x6f,0x6c,0x64,0x3a,0x20,0x74,0x72,0x75,0x65,0xa,0x7d,0xa,
    // StatCard.qml
  0x0,0x0,0x2,0x40,
  0x69,
  0x6d,0x70,0x6f,0x72,0x74,0x20,0x51,0x74,0x51,0x75,0x69,0x63,0x6b,0xa,0x69,0x6d,
  0x70,0x6f,0x72,0x74,0x20,0x51,0x74,0x51,0x75,0x69,0x63,0x6b,0x2e,0x43,0x6f,0x6e,
  0x74,0x72,0x6f,0x6c,0x73,0xa,0xa,0x52,0x65,0x63,0x74,0x61,0x6e,0x67,0x6c,0x65,
  0x20,0x7b,0xa,0x20,0x20,0x20,0x20,0x70,0x72,0x6f,0x70,0x65,0x72,0x74,0x79,0x20,
  0x73,0x74,0x72,0x69,0x6e,0x67,0x20,0x74,0x69,0x74,0x6c,0x65,0x3a,0x20,0x22,0x22,
  0xa,0x20,0x20,0x20,0x20,0x70,0x72,0x6f,0x70,0x65,0x72,0x74,0x79,0x20,0x73,0x74,
  0x72,0x69,0x6e,0x67,0x20,0x76,0x61,0x6c,0x75,0x65,0x3a,0x20,0x22,0x22,0xa,0x20,
  0x20,0x20,0x20,0x70,0x72,0x6f,0x70,0x65,0x72,0x74,0x79,0x20,0x73,0x74,0x72,0x69,
  0x6e,0x67,0x20,0x73,0x75,0x62,0x74,0x69,0x74,0x6c,0x65,0x3a,0x20,0x22,0x22,0xa,
  0x20,0x20,0x20,0x20,0x72,0x61,0x64,0x69,0x75,0x73,0x3a,0x20,0x31,0x34,0xa,0x20,
  0x20,0x20,0x20,0x63,0x6f,0x6c,0x6f,0x72,0x3a,0x20,0x22,0x23,0x31,0x38,0x32,0x32,
  0x33,0x35,0x22,0xa,0x20,0x20,0x20,0x20,0x62,0x6f,0x72,0x64,0x65,0x72,0x2e,0x63,
  0x6f,0x6c,0x6f,0x72,0x3a,0x20,0x22,0x23,0x32,0x62,0x33,0x61,0x35,0x35,0x22,0xa,
  0x20,0x20,0x20,0x20,0x69,0x6d,0x70,0x6c,0x69,0x63,0x69,0x74,0x57,0x69,0x64,0x74,
  0x68,0x3a,0x20,0x32,0x32,0x30,0xa,0x20,0x20,0x20,0x20,0x69,0x6d,0x70,0x6c,0x69,
  0x63,0x69,0x74,0x48,0x65,0x69,0x67,0x68,0x74,0x3a,0x20,0x31,0x31,0x30,0xa,0xa,
  0x20,0x20,0x20,0x20,0x43,0x6f,0x6c,0x75,0x6d,0x6e,0x20,0x7b,0xa,0x20,0x20,0x20,
  0x20,0x20,0x20,0x20,0x20,0x61,0x6e,0x63,0x68,0x6f,0x72,0x73,0x2e,0x66,0x69,0x6c,
  0x6c,0x3a,0x20,0x70,0x61,0x72,0x65,0x6e,0x74,0xa,0x20,0x20,0x20,0x20,0x20,0x20,
  0x20,0x20,0x61,0x6e,0x63,0x68,0x6f,0x72,0x73,0x2e,0x6d,0x61,0x72,0x67,0x69,0x6e,
  0x73,0x3a,0x20,0x31,0x36,0xa,0x20,0x20,0x20,0x20,0x20,0x20,0x20,0x20,0x73,0x70,
  0x61,0x63,0x69,0x6e,0x67,0x3a,0x20,0x36,0xa,0x20,0x20,0x20,0x20,0x20,0x20,0x20,
  0x20,0x4c,0x61,0x62,0x65,0x6c,0x20,0x7b,0x20,0x74,0x65,0x78,0x74,0x3a,0x20,0x74,
  0x69,0x74,0x6c,0x65,0x3b,0x20,0x63,0x6f,0x6c,0x6f,0x72,0x3a,0x20,0x22,0x23,0x39,
  0x66,0x62,0x30,0x63,0x38,0x22,0x3b,0x20,0x66,0x6f,0x6e,0x74,0x2e,0x70,0x69,0x78,
  0x65,0x6c,0x53,0x69,0x7a,0x65,0x3a,0x20,0x31,0x33,0x20,0x7d,0xa,0x20,0x20,0x20,
  0x20,0x20,0x20,0x20,0x20,0x4c,0x61,0x62,0x65,0x6c,0x20,0x7b,0x20,0x74,0x65,0x78,
  0x74,0x3a,0x20,0x76,0x61,0x6c,0x75,0x65,0x3b,0x20,0x63,0x6f,0x6c,0x6f,0x72,0x3a,
  0x20,0x22,0x77,0x68,0x69,0x74,0x65,0x22,0x3b,0x20,0x66,0x6f,0x6e,0x74,0x2e,0x70,
  0x69,0x78,0x65,0x6c,0x53,0x69,0x7a,0x65,0x3a,0x20,0x32,0x35,0x3b,0x20,0x66,0x6f,
  0x6e,0x74,0x2e,0x62,0x6f,0x6c,0x64,0x3a,0x20,0x74,0x72,0x75,0x65,0x20,0x7d,0xa,
  0x20,0x20,0x20,0x20,0x20,0x20,0x20,0x20,0x4c,0x61,0x62,0x65,0x6c,0x20,0x7b,0x20,
  0x74,0x65,0x78,0x74,0x3a,0x20,0x73,0x75,0x62,0x74,0x69,0x74,0x6c,0x65,0x3b,0x20,
  0x63,0x6f,0x6c,0x6f,0x72,0x3a,0x20,0x22,0x23,0x37,0x66,0x39,0x30,0x61,0x61,0x22,
  0x3b,0x20,0x66,0x6f,0x6e,0x74,0x2e,0x70,0x69,0x78,0x65,0x6c,0x53,0x69,0x7a,0x65,
  0x3a,0x20,0x31,0x31,0x20,0x7d,0xa,0x20,0x20,0x20,0x20,0x7d,0xa,0x7d,0xa,
  
};

static const unsigned char qt_resource_name[] = {
  // PersonalCashflowGame
  0x0,0x14,
  0x0,0x33,0x52,0xf5,
  0x0,0x50,
  0x0,0x65,0x0,0x72,0x0,0x73,0x0,0x6f,0x0,0x6e,0x0,0x61,0x0,0x6c,0x0,0x43,0x0,0x61,0x0,0x73,0x0,0x68,0x0,0x66,0x0,0x6c,0x0,0x6f,0x0,0x77,0x0,0x47,
  0x0,0x61,0x0,0x6d,0x0,0x65,
    // qml
  0x0,0x3,
  0x0,0x0,0x78,0x3c,
  0x0,0x71,
  0x0,0x6d,0x0,0x6c,
    // Main.qml
  0x0,0x8,
  0x8,0x1,0x5e,0x5c,
  0x0,0x4d,
  0x0,0x61,0x0,0x69,0x0,0x6e,0x0,0x2e,0x0,0x71,0x0,0x6d,0x0,0x6c,
    // DailyTrackerPage.qml
  0x0,0x14,
  0x8,0x9c,0x55,0xbc,
  0x0,0x44,
  0x0,0x61,0x0,0x69,0x0,0x6c,0x0,0x79,0x0,0x54,0x0,0x72,0x0,0x61,0x0,0x63,0x0,0x6b,0x0,0x65,0x0,0x72,0x0,0x50,0x0,0x61,0x0,0x67,0x0,0x65,0x0,0x2e,
  0x0,0x71,0x0,0x6d,0x0,0x6c,
    // IncomePage.qml
  0x0,0xe,
  0xe,0x9c,0x38,0xfc,
  0x0,0x49,
  0x0,0x6e,0x0,0x63,0x0,0x6f,0x0,0x6d,0x0,0x65,0x0,0x50,0x0,0x61,0x0,0x67,0x0,0x65,0x0,0x2e,0x0,0x71,0x0,0x6d,0x0,0x6c,
    // components
  0x0,0xa,
  0x7,0x6a,0x9,0x33,
  0x0,0x63,
  0x0,0x6f,0x0,0x6d,0x0,0x70,0x0,0x6f,0x0,0x6e,0x0,0x65,0x0,0x6e,0x0,0x74,0x0,0x73,
    // AssetsPage.qml
  0x0,0xe,
  0x2,0xf1,0x36,0xdc,
  0x0,0x41,
  0x0,0x73,0x0,0x73,0x0,0x65,0x0,0x74,0x0,0x73,0x0,0x50,0x0,0x61,0x0,0x67,0x0,0x65,0x0,0x2e,0x0,0x71,0x0,0x6d,0x0,0x6c,
    // LiabilitiesPage.qml
  0x0,0x13,
  0xd,0x59,0x86,0xbc,
  0x0,0x4c,
  0x0,0x69,0x0,0x61,0x0,0x62,0x0,0x69,0x0,0x6c,0x0,0x69,0x0,0x74,0x0,0x69,0x0,0x65,0x0,0x73,0x0,0x50,0x0,0x61,0x0,0x67,0x0,0x65,0x0,0x2e,0x0,0x71,
  0x0,0x6d,0x0,0x6c,
    // GoalsPage.qml
  0x0,0xd,
  0xb,0x68,0x29,0xdc,
  0x0,0x47,
  0x0,0x6f,0x0,0x61,0x0,0x6c,0x0,0x73,0x0,0x50,0x0,0x61,0x0,0x67,0x0,0x65,0x0,0x2e,0x0,0x71,0x0,0x6d,0x0,0x6c,
    // ExpensesPage.qml
  0x0,0x10,
  0xf,0x78,0xfd,0x5c,
  0x0,0x45,
  0x0,0x78,0x0,0x70,0x0,0x65,0x0,0x6e,0x0,0x73,0x0,0x65,0x0,0x73,0x0,0x50,0x0,0x61,0x0,0x67,0x0,0x65,0x0,0x2e,0x0,0x71,0x0,0x6d,0x0,0x6c,
    // InvestmentsPage.qml
  0x0,0x13,
  0x1,0xb0,0x10,0xbc,
  0x0,0x49,
  0x0,0x6e,0x0,0x76,0x0,0x65,0x0,0x73,0x0,0x74,0x0,0x6d,0x0,0x65,0x0,0x6e,0x0,0x74,0x0,0x73,0x0,0x50,0x0,0x61,0x0,0x67,0x0,0x65,0x0,0x2e,0x0,0x71,
  0x0,0x6d,0x0,0x6c,
    // EmergencyFundPage.qml
  0x0,0x15,
  0xe,0x55,0xb9,0xbc,
  0x0,0x45,
  0x0,0x6d,0x0,0x65,0x0,0x72,0x0,0x67,0x0,0x65,0x0,0x6e,0x0,0x63,0x0,0x79,0x0,0x46,0x0,0x75,0x0,0x6e,0x0,0x64,0x0,0x50,0x0,0x61,0x0,0x67,0x0,0x65,
  0x0,0x2e,0x0,0x71,0x0,0x6d,0x0,0x6c,
    // Dashboard.qml
  0x0,0xd,
  0xd,0x94,0x87,0xbc,
  0x0,0x44,
  0x0,0x61,0x0,0x73,0x0,0x68,0x0,0x62,0x0,0x6f,0x0,0x61,0x0,0x72,0x0,0x64,0x0,0x2e,0x0,0x71,0x0,0x6d,0x0,0x6c,
    // FreedomPage.qml
  0x0,0xf,
  0x0,0xa3,0xa6,0xdc,
  0x0,0x46,
  0x0,0x72,0x0,0x65,0x0,0x65,0x0,0x64,0x0,0x6f,0x0,0x6d,0x0,0x50,0x0,0x61,0x0,0x67,0x0,0x65,0x0,0x2e,0x0,0x71,0x0,0x6d,0x0,0x6c,
    // SectionTitle.qml
  0x0,0x10,
  0xd,0x6,0x50,0x9c,
  0x0,0x53,
  0x0,0x65,0x0,0x63,0x0,0x74,0x0,0x69,0x0,0x6f,0x0,0x6e,0x0,0x54,0x0,0x69,0x0,0x74,0x0,0x6c,0x0,0x65,0x0,0x2e,0x0,0x71,0x0,0x6d,0x0,0x6c,
    // StatCard.qml
  0x0,0xc,
  0x3,0xd2,0x49,0x1c,
  0x0,0x53,
  0x0,0x74,0x0,0x61,0x0,0x74,0x0,0x43,0x0,0x61,0x0,0x72,0x0,0x64,0x0,0x2e,0x0,0x71,0x0,0x6d,0x0,0x6c,
  
};

static const unsigned char qt_resource_struct[] = {
  // :
  0x0,0x0,0x0,0x0,0x0,0x2,0x0,0x0,0x0,0x1,0x0,0x0,0x0,0x1,
0x0,0x0,0x0,0x0,0x0,0x0,0x0,0x0,
  // :/PersonalCashflowGame
  0x0,0x0,0x0,0x0,0x0,0x2,0x0,0x0,0x0,0x1,0x0,0x0,0x0,0x2,
0x0,0x0,0x0,0x0,0x0,0x0,0x0,0x0,
  // :/PersonalCashflowGame/qml
  0x0,0x0,0x0,0x2e,0x0,0x2,0x0,0x0,0x0,0xc,0x0,0x0,0x0,0x3,
0x0,0x0,0x0,0x0,0x0,0x0,0x0,0x0,
  // :/PersonalCashflowGame/qml/FreedomPage.qml
  0x0,0x0,0x1,0xca,0x0,0x0,0x0,0x0,0x0,0x1,0x0,0x0,0x44,0x3e,
0x0,0x0,0x1,0xa0,0x6d,0x5d,0x67,0xfc,
  // :/PersonalCashflowGame/qml/InvestmentsPage.qml
  0x0,0x0,0x1,0x4e,0x0,0x0,0x0,0x0,0x0,0x1,0x0,0x0,0x32,0xc6,
0x0,0x0,0x1,0xa0,0x6d,0x5d,0x63,0x72,
  // :/PersonalCashflowGame/qml/AssetsPage.qml
  0x0,0x0,0x0,0xba,0x0,0x0,0x0,0x0,0x0,0x1,0x0,0x0,0x14,0x1f,
0x0,0x0,0x1,0xa0,0x6d,0x5d,0x5f,0x75,
  // :/PersonalCashflowGame/qml/components
  0x0,0x0,0x0,0xa0,0x0,0x2,0x0,0x0,0x0,0x2,0x0,0x0,0x0,0xf,
0x0,0x0,0x0,0x0,0x0,0x0,0x0,0x0,
  // :/PersonalCashflowGame/qml/Main.qml
  0x0,0x0,0x0,0x3a,0x0,0x4,0x0,0x0,0x0,0x1,0x0,0x0,0x0,0x0,
0x0,0x0,0x1,0xa0,0x6d,0x4a,0xcd,0x63,
  // :/PersonalCashflowGame/qml/DailyTrackerPage.qml
  0x0,0x0,0x0,0x50,0x0,0x0,0x0,0x0,0x0,0x1,0x0,0x0,0x3,0xc1,
0x0,0x0,0x1,0xa0,0x6d,0x5d,0x5a,0x41,
  // :/PersonalCashflowGame/qml/GoalsPage.qml
  0x0,0x0,0x1,0x8,0x0,0x0,0x0,0x0,0x0,0x1,0x0,0x0,0x24,0x68,
0x0,0x0,0x1,0xa0,0x6d,0x5d,0x65,0x73,
  // :/PersonalCashflowGame/qml/LiabilitiesPage.qml
  0x0,0x0,0x0,0xdc,0x0,0x0,0x0,0x0,0x0,0x1,0x0,0x0,0x1c,0x60,
0x0,0x0,0x1,0xa0,0x6d,0x5d,0x61,0xe3,
  // :/PersonalCashflowGame/qml/Dashboard.qml
  0x0,0x0,0x1,0xaa,0x0,0x4,0x0,0x0,0x0,0x1,0x0,0x0,0x40,0x3b,
0x0,0x0,0x1,0xa0,0x6d,0x4b,0x1b,0xe4,
  // :/PersonalCashflowGame/qml/EmergencyFundPage.qml
  0x0,0x0,0x1,0x7a,0x0,0x0,0x0,0x0,0x0,0x1,0x0,0x0,0x3a,0x41,
0x0,0x0,0x1,0xa0,0x6d,0x5d,0x67,0x10,
  // :/PersonalCashflowGame/qml/IncomePage.qml
  0x0,0x0,0x0,0x7e,0x0,0x0,0x0,0x0,0x0,0x1,0x0,0x0,0xc,0x65,
0x0,0x0,0x1,0xa0,0x6d,0x5d,0x5c,0xa9,
  // :/PersonalCashflowGame/qml/ExpensesPage.qml
  0x0,0x0,0x1,0x28,0x0,0x0,0x0,0x0,0x0,0x1,0x0,0x0,0x2b,0x85,
0x0,0x0,0x1,0xa0,0x6d,0x5d,0x5d,0xdc,
  // :/PersonalCashflowGame/qml/components/StatCard.qml
  0x0,0x0,0x2,0x14,0x0,0x0,0x0,0x0,0x0,0x1,0x0,0x0,0x48,0xcf,
0x0,0x0,0x1,0xa0,0x6c,0x16,0x7c,0x0,
  // :/PersonalCashflowGame/qml/components/SectionTitle.qml
  0x0,0x0,0x1,0xee,0x0,0x0,0x0,0x0,0x0,0x1,0x0,0x0,0x48,0x2e,
0x0,0x0,0x1,0xa0,0x6c,0x16,0x7c,0x0,

};

#ifdef QT_NAMESPACE
#  define QT_RCC_PREPEND_NAMESPACE(name) ::QT_NAMESPACE::name
#  define QT_RCC_MANGLE_NAMESPACE0(x) x
#  define QT_RCC_MANGLE_NAMESPACE1(a, b) a##_##b
#  define QT_RCC_MANGLE_NAMESPACE2(a, b) QT_RCC_MANGLE_NAMESPACE1(a,b)
#  define QT_RCC_MANGLE_NAMESPACE(name) QT_RCC_MANGLE_NAMESPACE2( \
        QT_RCC_MANGLE_NAMESPACE0(name), QT_RCC_MANGLE_NAMESPACE0(QT_NAMESPACE))
#else
#   define QT_RCC_PREPEND_NAMESPACE(name) name
#   define QT_RCC_MANGLE_NAMESPACE(name) name
#endif

#if defined(QT_INLINE_NAMESPACE)
inline namespace QT_NAMESPACE {
#elif defined(QT_NAMESPACE)
namespace QT_NAMESPACE {
#endif

bool qRegisterResourceData(int, const unsigned char *, const unsigned char *, const unsigned char *);
bool qUnregisterResourceData(int, const unsigned char *, const unsigned char *, const unsigned char *);

#if defined(__ELF__) || defined(__APPLE__)
static inline unsigned char qResourceFeatureZstd()
{
    extern const unsigned char qt_resourceFeatureZstd;
    return qt_resourceFeatureZstd;
}
#else
unsigned char qResourceFeatureZstd();
#endif

#ifdef QT_NAMESPACE
}
#endif

int QT_RCC_MANGLE_NAMESPACE(qInitResources_PersonalCashflowGame_raw_qml_0)();
int QT_RCC_MANGLE_NAMESPACE(qInitResources_PersonalCashflowGame_raw_qml_0)()
{
    int version = 3;
    QT_RCC_PREPEND_NAMESPACE(qRegisterResourceData)
        (version, qt_resource_struct, qt_resource_name, qt_resource_data);
    return 1;
}

int QT_RCC_MANGLE_NAMESPACE(qCleanupResources_PersonalCashflowGame_raw_qml_0)();
int QT_RCC_MANGLE_NAMESPACE(qCleanupResources_PersonalCashflowGame_raw_qml_0)()
{
    int version = 3;
    version += QT_RCC_PREPEND_NAMESPACE(qResourceFeatureZstd());
    QT_RCC_PREPEND_NAMESPACE(qUnregisterResourceData)
       (version, qt_resource_struct, qt_resource_name, qt_resource_data);
    return 1;
}

#ifdef __clang__
#   pragma clang diagnostic push
#   pragma clang diagnostic ignored "-Wexit-time-destructors"
#endif

namespace {
   struct initializer {
       initializer() { QT_RCC_MANGLE_NAMESPACE(qInitResources_PersonalCashflowGame_raw_qml_0)(); }
       ~initializer() { QT_RCC_MANGLE_NAMESPACE(qCleanupResources_PersonalCashflowGame_raw_qml_0)(); }
   } dummy;
}

#ifdef __clang__
#   pragma clang diagnostic pop
#endif
